date,symbol,open,high,low,close,volume,adjusted_close,sma_5,sma_10,sma_20,sma_60,sma_120,sma_240,ema_12,ema_26,rsi_14,macd_dif,macd_dea,macd_histogram,bb_middle_20,bb_upper_20,bb_lower_20,atr_14,stoch_k,stoch_d,volume_ma_5,volume_ma_20,bias_5,bias_10,bias_20,bias_60,bias_120,bias_240,return_5,return_20,volatility_5,volatility_20
2024-01-02,2330,577.9,580.9,574.9,577.9,18000000,577.9,,,,,,,,,,,,,,,,,,,,,,,,,,,,,,
2024-01-03,2330,580.72,583.97,577.03,580.23,18647338,580.23,,,,,,,,,,,,,,,,,,,,,,,,,,,,,,
2024-01-04,2330,583.48,586.98,579.12,582.52,19278836,582.52,,,,,,,,,,,,,,,,,,,,,,,,,,,,,,
2024-01-05,2330,586.1,589.85,581.14,584.74,19879284,584.74,,,,,,,,,,,,,,,,,,,,,,,,,,,,,,
2024-01-08,2330,588.53,592.53,583.85,586.85,20434712,586.85,582.448,,,,,,,,,,,,,,,,,,19248034.0,,0.7557756228882218,,,,,,,,,
2024-01-09,2330,590.72,593.72,585.62,588.82,20932941,588.82,584.632,,,,,,,,,,,,,,,,,,19834622.2,,0.716348061686678,,,,,,0.018896002768645115,,0.00024347906518778906,
2024-01-10,2330,592.62,595.87,587.23,590.63,21364078,590.63,586.712,,,,,,,,,,,,,,,,,,20377970.2,,0.6677893071898922,,,,,,0.01792392671871501,,0.00031381599233264173,
2024-01-11,2330,594.23,597.73,588.66,592.26,21720899,592.26,588.6600000000001,,,,,,,,,,,,,,,,,,20866382.8,,0.6115584547956132,,,,,,0.01672045595001026,,0.00037418046693369847,
2024-01-12,2330,595.5,599.25,590.68,593.68,21999147,593.68,590.4480000000001,,,,,,,,,,,,,,,,,,21290355.4,,0.5473809717366995,,,,,,0.01528884632486216,,0.00042799992393395336,
2024-01-15,2330,596.44,600.44,591.68,594.88,22197695,594.88,592.0540000000001,587.251,,,,,,,,,,,,,,,,,21642952.0,,0.4773213254196218,1.2991037903724356,,,,,0.013683223992502214,,0.00047426310560373625,
2024-01-16,2330,597.06,600.06,592.46,595.86,22318594,595.86,593.462,589.047,,,,,,,,,,,,,,,77.29751545114648,,21920082.6,,0.40406967927180126,1.1566139883574689,,,,,0.011956115621072572,,0.0005082279148648493,
2024-01-17,2330,597.39,600.64,593.03,596.63,22366992,596.63,594.662,590.687,,,,,589.9888651327868,,,,,,,,,,78.0677290386086,,22120665.4,,0.3309443011324076,1.0061166065953753,,,,,0.010158644159626196,,0.000521195386300191,
2024-01-18,2330,597.45,600.95,594.17,597.17,22350926,597.17,595.644,592.152,,,,,591.0936551123581,,,,,,,,,,78.616152639259,77.9937990430047,22246670.8,,0.25619329666712876,0.8474175549521012,,,,,0.008290277918481692,,0.0005252830941000081,
2024-01-19,2330,592.75,596.72,589.55,592.97,22281002,592.97,595.502,592.975,,,,,591.3823235566107,,,,,,,,,7.924285714285735,68.42527991915144,75.03638719900634,22303041.8,,-0.42518748887492297,-0.0008432058687168897,,,,,-0.0011959304675918103,,0.0034199904441861244,
2024-01-22,2330,592.43,597.13,589.03,593.13,22169976,593.13,595.152,593.6030000000001,,,,,591.6511968555936,,84.98151019199541,,,,,,,8.074285714285736,56.280952591150545,67.77412838318699,22297498.0,,-0.33974514073716877,-0.07968288569971671,,,,,-0.00294176976869287,,0.0032569201924774814,
2024-01-23,2330,592.0,596.14,588.4,593.14,22032240,593.14,594.608,594.035,,,,,591.8802434931946,,84.9877359542911,,,,,,,8.13142857142859,42.90568174471186,55.87063808500462,22240227.2,,-0.24688534294862174,-0.15066452313415857,,,,,-0.004564830664921304,,0.0030947938608949636,
2024-01-24,2330,591.5,596.26,588.5,593.01,22116748,593.01,593.884,594.2729999999999,,,,,592.0540521865493,,84.49735070413934,,,,,,,8.124285714285731,39.16830249458902,46.11831227681714,22190178.4,,-0.14716678677991757,-0.21252858534712704,,,,,-0.006067411963863734,,0.0029346112717134176,
2024-01-25,2330,590.99,596.28,587.79,592.78,22761082,592.78,593.006,594.325,,,,,592.1657364655416,,83.57850015456364,,,,,,,8.108571428571443,37.47330838752373,39.849097542274876,22272209.6,,-0.038110912874400604,-0.25995877676356915,,,,,-0.007351340489307856,,0.0027900631066842736,
2024-01-26,2330,590.52,596.23,587.12,592.48,23385040,592.48,592.908,594.205,,,,,592.2140847016121,,82.32104996685865,,,,,,,8.139285714285734,37.80244256184121,38.14801781465132,22493017.2,,-0.07218657869348943,-0.29030385136443737,,,,,-0.000826348719159542,,0.00027967410152397607,
2024-01-29,2330,590.15,596.15,586.55,592.15,23973715,592.15,592.712,593.932,590.5915,,,,592.2042255167487,,80.87955758267717,,,,590.5915,601.1594123293107,580.0235876706893,8.246428571428591,38.52104961510961,37.93226685482485,22853765.0,21510562.25,-0.09481839409358761,-0.3000343473663736,0.2638879834877317,,,,-0.0016522516143172572,,0.00020902970524234486,
2024-01-30,2330,589.91,594.83,586.91,591.83,19513604,591.83,592.45,593.529,591.288,,,,592.1466523603258,,79.42714131339157,,,,591.288,600.110259574508,582.4657404254921,8.195000000000025,38.10396079376566,38.14248432357216,22350037.8,21586242.45,-0.10465018144991678,-0.2862539151414545,0.09166429895415273,,,,-0.0022085848197725966,0.024104516352310146,0.00012617086630458606,0.002497945671094905
2024-01-31,2330,589.82,594.79,586.62,591.54,19993151,591.54,592.156,593.02,591.8535,,,,592.053321227968,,78.05907099883876,,,,591.8535,599.072220870071,584.6347791299291,8.130714285714305,40.906672267730926,39.17722755886873,21925318.4,21653533.1,-0.10402664162821873,-0.24956999763920962,-0.05296918916591897,,,,-0.0024788789396469335,0.0194922703066025,5.920094468457337e-05,0.0024347663200984327
2024-02-01,2330,589.93,594.84,586.53,591.34,20403204,591.34,591.868,592.437,592.2945,,,,591.9435795005883,,77.07311153314173,,,,592.2945,598.1221838452335,586.4668161547664,8.112142857142876,43.069495468290164,40.693376176595585,21453742.8,21709751.5,-0.08920908040306319,-0.18516736800705536,-0.16115293996482594,,,,-0.002429231755457284,0.015141111034814303,7.783499083303461e-05,0.00235034773712693
2024-02-02,2330,590.23,595.0,586.63,591.25,20737382,591.25,591.6220000000001,592.265,592.6200000000001,,,,591.8368749620363,,76.60420585232731,,,,592.6200000000001,597.3467536428291,587.8932463571712,8.084285714285727,46.98402538282005,43.65339770628038,20924211.2,21752656.4,-0.0628779862817952,-0.17137598878880222,-0.23117680807264174,,,,-0.002076019443694288,0.011133153196292378,0.00015263558580281834,0.0022491833548519786
2024-02-05,2330,590.74,595.3,587.74,591.3,20992329,591.3,591.452,592.0820000000001,592.8425,,,,591.7542788140306,,76.68905639688236,,,,592.8425,596.8217053226739,588.863294677326,8.081428571428587,47.57023060796664,45.87458381969228,20327934.0,21780537.25,-0.025699465045347925,-0.13207630024222317,-0.26018714920067465,,,,-0.001435447099552567,0.007582857629717887,0.00022989968483177274,0.0021384851866155896
2024-02-06,2330,591.44,594.51,588.24,591.51,21167848,591.51,591.388,591.9190000000001,592.9770000000001,,,,591.7166974580259,589.8793156190861,77.06527848305285,1.8373818389397911,,,592.9770000000001,596.565972554924,589.3880274450762,7.985714285714299,49.470085470085564,48.00811382029075,20658782.8,21792282.6,0.02062943448293275,-0.06909729202815296,-0.24739576745811398,,,,-0.0005406958079179347,0.0045684589518018015,0.00030080469233047626,0.0020267085888486585
2024-02-07,2330,587.8,591.05,583.97,587.37,21266909,587.37,590.554,591.355,592.814,,,,591.0479747721758,589.6934403880427,57.397910417553774,1.3545343841331032,,,592.814,597.0519778196679,588.5760221803321,8.040000000000004,42.577487765089664,46.53926794771396,20913534.4,21787424.15,-0.5391547597679458,-0.6738760981136571,-0.9183318882482472,,,,-0.007049396490516169,-0.005519529993396888,0.002804205687152154,0.002462198220245544
2024-02-08,2330,588.88,592.38,584.38,587.98,21295528,587.98,589.882,590.875,592.6,,,,590.5759786533796,589.5665188778173,59.05594110314472,1.0094597755622772,,,592.6,597.3317438645806,587.8682561354194,8.06714285714286,37.24407022477566,43.097214486650294,21091999.2,21766155.6,-0.32243736882968665,-0.4899513433467284,-0.7796152548093183,,,,-0.005682010349375988,-0.007226555904501386,0.0029592206833562408,0.0023834893809979076
2024-02-09,2330,590.12,593.87,585.81,588.81,21262533,588.81,589.394,590.508,592.3565000000001,,,,590.3042896297827,589.5104804424235,61.264956059541284,0.7938091873592157,,,592.3565000000001,597.3356335591644,587.3773664408358,8.06428571428572,34.45791139978167,38.09315646321567,21197029.4,21729324.9,-0.09908482271622221,-0.2875490255847657,-0.5987104049673064,,,,-0.004126849894291795,-0.008203072362215291,0.0031245451222701444,0.002335665295602475
2024-02-12,2330,591.51,595.51,586.66,589.86,21179204,589.86,589.106,590.279,592.1055,,,,590.2359373790468,589.5363707800218,63.917145492085034,0.6995665990250473,,,592.1055,597.0565260552734,587.1544739447266,8.143571428571436,42.2270440852986,37.97634190328531,21234404.4,21678400.35,0.12799054839027768,-0.0709833824344086,-0.3792398483040582,,,,-0.002435312024352987,-0.008438676707907433,0.0032924686314061446,0.0023238274870955858
2024-02-13,2330,593.01,596.01,587.73,591.13,21058830,591.13,589.03,590.2090000000001,591.8689999999999,,,,590.373485474578,589.6544173889091,66.8717420760191,0.7190680856689369,,,591.8689999999999,596.5230300815524,587.2149699184474,8.180714285714291,51.075582163989,42.586845883023095,21212600.8,21615412.15,0.3565183437176378,0.15604641745550207,-0.12485871028892204,,,,-0.0006424236276647566,-0.007938106266572764,0.003458273977671411,0.002348809603226303
2024-02-14,2330,594.6,597.85,589.01,592.61,20916178,592.61,590.0780000000001,590.316,591.668,,,,590.7175646323353,589.8733494341751,69.95888044615229,0.8442151981602137,,,591.668,595.8001645659382,587.5358354340618,8.205714285714294,57.585379502246774,50.296001917178124,21142454.6,21542871.45,0.4290958144516299,0.3886054248910753,0.15921090882049516,,,,0.008921122971891737,-0.006737844225064071,0.0005192999507598565,0.002406468745196911
2024-02-15,2330,596.27,599.77,591.29,594.29,21233098,594.29,591.3399999999999,590.611,591.524,,,,591.2671700735145,590.2005087353473,73.03110463926372,1.0666613381672505,,,591.524,595.032905242379,588.015094757621,8.160714285714294,62.34424428370761,57.001735316647796,21129968.6,21486980.05,0.498866980079149,0.6229142362739637,0.4676057099965547,,,,0.010731657539371886,-0.004822747291391094,0.0005046026503813333,0.0024914499514227095
2024-02-16,2330,598.01,601.76,592.96,596.16,21873082,596.16,592.8100000000001,591.102,591.6835,,,,592.0199131391278,590.641952532729,75.97617669120828,1.3779606063988012,1.155281201818203,0.2226794045805982,591.6835,595.6948552572659,587.6721447427341,8.103571428571431,65.36197856149126,61.76386744914854,21252078.4,21466584.05,0.565105177038161,0.8556898809342517,0.7565700243457929,,,,0.012482804300198769,0.005379698804323985,0.0004823171895359629,0.0020525355451538048
2024-02-19,2330,599.77,603.77,594.77,598.17,22488226,598.17,594.472,591.789,591.9354999999999,,,,592.9660803484927,591.1995856784528,78.67216868192222,1.7664946700399469,1.2775238954625519,0.488970774577395,591.9354999999999,596.8174482791192,587.0535517208807,8.180714285714284,68.51842292831024,65.40821525783637,21513882.8,21482496.55,0.6220646220511661,1.078255932435379,1.0532397533177251,,,,0.014088088699013124,0.008497294016488688,0.0004368952143865704,0.0021609515954494267
2024-02-20,2330,601.57,604.57,596.72,600.32,23063973,600.32,596.31,592.67,592.2945,,,,594.0974526025708,591.8751719244933,81.11364097332955,2.2222806780774818,1.466475251985538,0.7558054260919438,592.2945,598.3844670770865,586.2045329229135,8.157857142857145,73.06292944133115,68.98111031037756,21914911.4,21534083.2,0.6724690177927872,1.290768893313321,1.3549847246597801,,,,0.015546495694686469,0.012105067943487313,0.00038617214397526064,0.002265266242782432
2024-02-21,2330,603.38,606.63,599.56,602.56,23587335,602.56,598.3,594.189,592.772,,,,595.3993829714061,592.6666406708272,83.26329823325278,2.732742300578934,1.7197286617042173,1.0130136388747168,592.772,600.3317211588787,585.2122788411214,8.069285714285716,77.03954530178875,72.87363255714338,22449142.8,21607612.55,0.7120173825839959,1.408811001213417,1.651225091603492,,,,0.01679013178987865,0.016104281546685417,0.0003197595602198883,0.0023552922240256463
2024-02-22,2330,605.22,608.72,601.67,604.87,24047416,604.87,600.4159999999999,595.8779999999999,593.3765,,,,596.8564009758052,593.5705932137289,85.14150901984505,3.2858077620762742,2.0329444817786286,1.2528632802976456,593.3765,602.5938754941415,584.1591245058585,7.975000000000007,80.64968721655447,76.91738731989146,23012006.4,21671929.25,0.7418190054895302,1.5090337283806488,1.9369658218685748,,,,0.017802756230123506,0.02039542494686053,0.00024851768575773214,0.0024272717793290444
2024-02-23,2330,607.05,610.95,603.65,607.2,24435839,607.2,602.624,597.717,594.1125,,,,598.4477239026044,594.5801789016008,86.75595568643338,3.8675450010035775,2.3998645856236185,1.467680415379959,594.1125,605.1056940308539,583.119305969146,7.956428571428587,82.28307187112159,79.9907681298216,23524557.8,21724469.2,0.7593457943925186,1.586536772419067,2.202865618885319,,,,0.0185185185185186,0.024844720496894457,0.0001779103654416334,0.002476249281480109
2024-02-26,2330,604.33,608.97,600.73,604.97,24747086,604.97,603.984,599.228,594.7535,,,,599.4511509945114,595.3497952792601,78.01858624451174,4.101355715251316,2.7401628115491583,1.3611929037021575,594.7535,606.6704447007195,582.8365552992806,8.097142857142874,79.7138578384981,80.88220564205805,23976329.8,21763137.75,0.16324935759888248,0.9582329263652767,1.7177704712960873,,,,0.0113680057508736,0.021649919783838678,0.002971586013371448,0.002673934151184296
2024-02-27,2330,606.15,610.24,603.15,607.24,19978716,607.24,605.368,600.8389999999999,595.524,,,,600.6494354568943,596.2305511845001,80.20413981679934,4.418884272394166,3.07590710371816,1.3429771686760064,595.524,608.5283091319765,582.5196908680235,8.065000000000023,79.24105746392239,80.41266239118069,23359278.4,21786393.35,0.30923339192028276,1.065343627827109,1.9673430457882501,,,,0.011527185501066128,0.026037882500042242,0.0029863238092777294,0.002707715264106332
2024-02-28,2330,607.96,612.68,604.76,609.43,20131461,609.43,606.742,602.521,596.4185,,,,602.000291540449,597.2082881337964,82.05762340253526,4.792003406652611,3.4191263643050505,1.372877042347561,596.4185,610.6104854495419,582.2265145504581,8.059285714285734,79.13077098989231,79.36189543077093,22668103.6,21793308.85,0.4430219104660571,1.1466820243609677,2.1816057013657186,,,,0.011401354221986182,0.030243094296243722,0.002974744296849743,0.002720250449296739
2024-02-29,2330,609.75,615.01,606.35,611.51,20209197,611.51,608.07,604.243,597.4269999999999,,,,603.4633236111491,598.2676741979596,83.62574527416746,5.1956494131894715,3.774430974081935,1.4212184391075366,597.4269999999999,612.8457095439278,582.008290456072,8.10214285714287,82.45199199868021,80.27460681749831,21900459.8,21783608.5,0.565724340947571,1.2026618430002411,2.3572754495528425,,,,0.010977565427281899,0.03410897284134329,0.002935143516019748,0.0027167407094021005
2024-03-01,2330,611.49,617.18,607.89,613.43,20218794,613.43,609.316,605.97,598.5360000000001,,,,604.9966584402031,599.3908094425552,84.93463228478369,5.605848997647854,4.1407145787951185,1.4651344188527355,598.5360000000001,615.1614388212769,581.9105611787232,8.133571428571438,82.63277797016616,81.40518031957957,21057050.8,21757679.1,0.6751833203132662,1.231084047065023,2.4884050416349,,,,0.010260210803688885,0.03751374207188163,0.002867535768598752,0.002700294674360394
2024-03-04,2330,613.19,619.19,610.19,615.19,20169834,615.19,611.3599999999999,607.672,599.7305,,,,606.564864834018,600.5611198542177,86.03650368971367,6.003744979800217,4.513320658996139,1.4904243208040784,599.7305,617.4983670357481,581.962632964252,8.185000000000011,81.3340300380881,82.1396000023115,20141600.4,21716554.35,0.626472127715294,1.237180584262565,2.577741168741632,,,,0.016893399672711196,0.0404025029595807,0.0003183782627864623,0.0026775389847520908
2024-03-05,2330,614.81,619.75,611.61,616.75,20074236,616.75,613.262,609.3149999999999,600.9925,,,,608.1318087057075,601.7602961613128,86.94774488288229,6.3715125443947045,4.884959036075852,1.4865535083188526,600.9925,619.8005800455555,582.1844199544444,8.135000000000007,81.84056985679358,81.93579262168261,20160704.4,21661873.75,0.5687618016443352,1.2202227091077766,2.6219129190464097,,,,0.015661023647981054,0.042670453584892964,0.00038128580688298895,0.0026532001517928843
2024-03-06,2330,616.36,621.36,612.96,618.11,19945779,618.11,614.998,610.87,602.5295,,,,609.6669150586755,602.9713853345488,87.70127113953438,6.695529724126686,5.247073173686019,1.4484565504406675,602.5295,621.6549191849493,583.4040808150506,8.129285714285718,82.6987995510435,81.95779981530839,20123568.0,21595817.25,0.5060179057492897,1.1851948859822992,2.585848493725207,,,,0.014242817058563118,0.0523349847625858,0.00042764830966147293,0.0016411091953127182
2024-03-07,2330,617.79,622.75,614.19,619.25,19799550,619.25,616.546,612.308,604.093,,,,611.1412358188793,604.1772086431007,88.3104719065357,6.964027175778597,5.5904639741045346,1.3735632016740622,604.093,623.3174886537987,584.8685113462012,8.11214285714286,84.19291047908261,82.91075996230656,20041638.6,21521018.35,0.43857230441848305,1.1337431488728011,2.509050758740794,,,,0.012657192850484833,0.05318208102316402,0.0004608515425246582,0.0016130312641710691
2024-03-08,2330,619.09,623.91,616.09,620.16,20348653,620.16,617.892,613.6039999999999,605.6605,,,,612.5287380005902,605.3611191139821,88.78790045392988,7.167618886608125,5.905894956605253,1.261723930002872,605.6605,624.7567933314306,586.5642066685693,8.027857142857142,83.4293394282265,83.44034981945087,20067610.4,21475324.35,0.3670544366976669,1.0684415355832089,2.393997957601668,,,,0.010971096946676973,0.05324298160696994,0.0004938509209618664,0.001610954312400564
2024-03-11,2330,620.24,624.86,617.04,620.86,20982958,620.86,619.0260000000001,615.193,607.2104999999999,,,,613.810470615884,606.5091843647982,89.15483524353346,7.3012862510857985,6.184973215501362,1.1163130355844366,607.2104999999999,625.9543581674116,588.4666418325883,8.025714285714287,82.04709247909754,83.22311412880221,20230235.2,21465512.05,0.29627188518737135,0.9211743306572151,2.2479024983922624,,,,0.009216664770233418,0.05255484352219164,0.0005021062145203636,0.001633668391003982
2024-03-12,2330,621.22,624.35,617.82,621.35,21588042,621.35,619.946,616.604,608.7215,,,,614.9703982134404,607.6085040414798,89.41595301309263,7.361894171960557,6.420357406793202,0.9415367651673554,608.7215,626.9002879408955,590.5427120591045,7.987142857142852,81.02439860667373,82.16694350466592,20532996.4,21491972.65,0.2264713378262062,0.7696998397674903,2.0745940467028046,,,,0.007458451560599988,0.051122426539001564,0.000501777778601563,0.0016773468769955594
2024-03-13,2330,622.01,625.26,618.04,621.64,22149749,621.64,620.6519999999999,617.825,610.173,,,,615.9964907959879,608.6478741124813,89.57591791250606,7.348616683506634,6.606009262135888,0.7426074213707459,610.173,627.5943192382223,592.7516807617777,7.999285714285707,80.0987499954101,81.05674702706045,20973790.4,21553651.2,0.15918743514884426,0.617488771092134,1.8793030828961665,,,,0.005710957596544164,0.048986686016098124,0.00048603134886962904,0.0017347359488466456
2024-03-14,2330,618.04,621.54,614.2,617.2,22655652,617.2,620.242,618.394,611.3185000000001,,,,616.1816460581437,609.2813649189642,71.70680589327894,6.900281139179469,6.664863637544605,0.2354175016348643,611.3185000000001,627.3707737018798,595.2662262981204,8.009285714285697,68.90433498794359,76.67582786334246,21545010.8,21624778.9,-0.4904537261262387,-0.19308078668291984,0.9621007707111717,,,,-0.0033104561970124236,0.03855020276296095,0.0032596217510737226,0.0027017512041800223
2024-03-15,2330,618.42,622.17,613.96,617.16,23095550,617.16,619.642,618.767,612.3685,,,,616.3321620491984,609.8649675175594,71.56829176917023,6.467194531638938,6.625329816363473,-0.1581352847245343,612.3685,627.001821256641,597.735178743359,8.007142857142835,55.44502282522776,68.14936926952716,22094390.2,21685902.3,-0.40055386820132544,-0.2597100362495275,0.7824537023050526,,,,-0.004837461300309598,0.03522544283413853,0.003113887864571713,0.0027180781240070937
2024-03-18,2330,618.61,622.61,613.6,617.0,23461872,617.0,618.87,618.948,613.3100000000001,,,,616.4349063493216,610.3934884421847,70.97768261663235,6.0414179071369745,6.5085474345181735,-0.46712952738119906,613.3100000000001,626.5220808353592,600.0979191646409,8.144285714285688,40.00704219326249,54.785466668811274,22590173.0,21734584.6,-0.3021636207927392,-0.31472757000587936,0.6016533237677368,,,,-0.006217182617659356,0.03147934533661001,0.0029736137462258484,0.0027240311343619855
2024-03-19,2330,618.59,621.59,613.14,616.74,23749980,616.74,617.948,618.947,614.1310000000001,,,,616.4818438340413,610.8636004094303,69.96723849094718,5.618243424611023,6.3304866325367435,-0.7122432079257202,614.1310000000001,625.9829144445137,602.2790855554865,8.182142857142837,34.40261313721822,43.284892718569495,23022560.6,21768884.95,-0.1954857042987368,-0.35657334149773456,0.4248279275919753,,,,-0.007419328880663101,0.027352078891258014,0.0028448562707959232,0.002714267616180805
2024-03-20,2330,618.41,621.66,613.43,616.43,23958355,616.43,616.9060000000001,618.779,614.8245,,,,616.4738678595734,611.2759263050281,68.71123379312355,5.197941554545309,6.103977616938457,-0.9060360623931478,614.8245,625.4463444255256,604.2026555744743,8.151428571428555,29.8979044245887,34.769186585023135,23384281.8,21787435.95,-0.07715924306136435,-0.37961857141242117,0.26113142856214466,,,,-0.008381056560066935,0.023018454593733306,0.002736252733798989,0.002685540984334264
2024-03-21,2330,618.09,621.59,612.9,616.1,24088657,616.1,616.6859999999999,618.464,615.3860000000001,,,,616.4163497273314,611.6332650972482,67.32570870632743,4.783084630083181,5.839799019567402,-1.0567143894842213,615.3860000000001,624.9812809234578,605.7907190765424,8.10857142857142,27.579384152007503,30.6266339046048,23670882.8,21789498.0,-0.09502404789469843,-0.3822372846277289,0.1160247389443203,,,,-0.0017822423849643831,0.01856597285367112,0.00017440966555260496,0.002634937590345321
2024-03-22,2330,617.65,621.4,612.38,615.78,24145657,615.78,616.4100000000001,618.026,615.8149999999999,,,,616.3184497692804,611.9404306456003,65.93723362143152,4.378019123680133,5.547443040389949,-1.1694239167098157,615.8149999999999,624.6446194708533,606.9853805291466,8.109999999999989,26.47756589564759,27.98495149074793,23880904.2,21774988.9,-0.10220470141628635,-0.3634151314022338,-0.005683525084643204,,,,-0.00223604899863894,0.014130434782608559,0.00010202405574773044,0.0025632938922988766
2024-03-25,2330,617.16,621.16,611.92,615.52,24137050,615.52,616.1139999999999,617.492,616.3425,600.5625,,,616.1956113432371,612.2055839311114,64.76846428224448,3.9900274121257553,5.23595991473711,-1.245932502611355,616.3425,623.6461809212941,609.0388190787058,8.18857142857142,26.424663304039246,26.82720445056478,24015939.8,21744487.1,-0.09641072918322724,-0.3193563641310293,-0.13344852902403836,2.490581746279519,,,-0.0023987034035656274,0.017438881266839568,4.878390274612031e-05,0.0023768448825275093
2024-03-26,2330,616.65,619.65,612.35,615.35,19073145,615.35,615.836,616.8919999999999,616.748,601.1866666666666,,,616.0655172904314,612.4385036399179,63.97003776646359,3.627013650513504,4.914170661892389,-1.287157011378885,616.748,622.7739392628931,610.722060737107,8.109999999999989,28.490028004840415,27.130752401509085,23080572.8,21699208.55,-0.0789171142966616,-0.24996271632634626,-0.22667280639743215,2.355896116569456,,,-0.0022537860362551454,0.013355510177195162,9.5754717364022e-05,0.00229307333754943
2024-03-27,2330,616.17,619.42,612.09,615.29,18966458,615.29,615.608,616.257,617.0409999999999,601.7710000000001,,,615.9462069380573,612.6497255925166,63.671702341405314,3.2964813455407693,4.590632798622066,-1.2941514530812963,617.0409999999999,622.1088472747388,611.9731527252611,8.022142857142844,30.199119336496533,28.371270215125396,22082193.4,21640958.4,-0.051656248781684067,-0.15691505329756827,-0.2837736876479813,2.2465356422957994,,,-0.0018493584024138476,0.009615542392071408,0.0001645832358342255,0.002195629654483692
2024-03-28,2330,615.8,619.3,611.99,615.39,18831208,615.39,615.466,616.076,617.235,602.3188333333333,,,615.8606366398947,612.8527088819598,63.973271192778896,3.007927757934908,4.2740917904846345,-1.2661640325497263,617.235,621.7025832393005,612.7674167606996,7.985714285714274,32.023698160274535,30.237615167203828,21030703.6,21572058.95,-0.012348366928471854,-0.11134989838916809,-0.298913703856718,2.1701407864550326,,,-0.0011524103229996197,0.006344949387581567,0.00024267863046059115,0.0020903615157782866
2024-03-29,2330,615.58,619.41,611.98,615.66,18817246,615.66,615.442,615.926,617.3465,602.8341666666668,,,615.8297694645263,613.0606563721849,64.82236661699397,2.7691130923413994,3.973096050855988,-1.2039829585145885,617.3465,621.5310060640509,613.1619939359491,7.957857142857124,34.127796676802355,32.11687139119115,19965021.4,21501981.55,0.03542169692676289,-0.04318700623128224,-0.273185318131719,2.1275889859151187,,,-0.0001948747929455541,0.0036352966108603724,0.00030835030983962074,0.001988495305933962
2024-04-01,2330,615.55,620.13,612.55,616.13,19463019,616.13,615.564,615.839,617.3935,603.3221666666667,,,615.8759587776761,613.2880151594304,66.31083854512977,2.587943618245731,3.696065564333937,-1.1081219460882057,617.3935,621.5004612854372,613.2865387145629,8.032857142857129,38.02747326977899,34.726322702285294,19030215.2,21466640.8,0.09194819710054425,0.047252609854187,-0.20465068064371428,2.1228845948253694,,,0.0009910319729660166,0.0015279832246946068,0.0003717748114163903,0.0018971567064255976
2024-04-02,2330,611.23,615.26,608.03,612.26,20090334,612.26,614.9459999999999,615.391,617.169,603.7128333333334,,,615.3196574272645,613.2118658883616,48.21877836381505,2.107791538902916,3.378410759247733,-1.270619220344817,617.169,621.843748763311,612.4942512366889,8.095714285714271,37.60562228562096,36.58696407740077,19233653.0,21467445.7,-0.43678631944917834,-0.5087822213844517,-0.795406120527764,1.4157669333405343,,,-0.0050215324612009615,-0.007280097284150799,0.0026546555996241933,0.002263820548340907
2024-04-03,2330,611.73,616.4,608.33,613.15,20684147,613.15,614.5179999999999,615.063,616.921,604.0881666666667,,,614.985863976916,613.2072832299644,51.49627547443352,1.7785807469515476,3.058444756788496,-1.2798640098369485,616.921,621.8869476437109,611.9550523562892,8.140714285714271,37.57106639030842,37.73472064856946,19577190.8,21504364.1,-0.22261349545495968,-0.31102504946648457,-0.6112614094835545,1.5000845627114456,,,-0.0034780347478424734,-0.008024461665399385,0.0028273397839447,0.0022268235111574768
2024-04-04,2330,612.54,617.77,608.94,614.27,21230751,614.27,614.294,614.88,616.672,604.455,,,614.8757310573905,613.2860029907079,55.32819374591585,1.5897280666825964,2.7647014187673165,-1.17497335208472,616.672,621.6452629128245,611.6987370871756,8.184999999999986,39.004710781441496,38.06046648579029,20057099.4,21575924.15,-0.003906924046137572,-0.09920634920634885,-0.38951014477713874,1.6237767906626566,,,-0.0018199840751393914,-0.008041986273718216,0.003001019296628358,0.0022259346610138072
2024-04-05,2330,613.68,619.35,610.68,615.6,21718323,615.6,614.2819999999999,614.862,616.4440000000001,604.8203333333333,,,614.9871570485612,613.4574101765813,59.42733587180857,1.5297468719799099,2.5177105094098353,-0.9879636374299254,616.4440000000001,621.1686180798108,611.7193819201893,8.160714285714278,49.46047518330415,42.012084118351346,20637314.8,21644407.65,0.2145594368710313,0.12002693287274102,-0.13691430202906751,1.782292372225136,,,-9.745638826619274e-05,-0.007352941176470451,0.00316771495575176,0.0022600676723433404
2024-04-08,2330,615.15,621.15,611.95,617.15,22137391,617.15,614.486,615.025,616.2585,605.1915,,,615.3199021180134,613.7309353486863,63.617376345813405,1.588966769327044,2.3319617613932775,-0.7429949920662335,616.2585,620.5461393271909,611.9708606728092,8.214285714285698,59.86631035609116,49.4438321069456,21172189.2,21702129.3,0.4335330666605852,0.3455144099833385,0.14466331904547935,1.9759861134863943,,,0.001655494781945377,-0.0059755822568695605,0.003327583878397755,0.0023253507522075045
2024-04-09,2330,616.93,621.88,613.53,618.88,22481214,618.88,615.8100000000001,615.378,616.135,605.5751666666666,,,615.8676094844728,614.11234754508,67.6349188563594,1.7552619393928808,2.216621796993198,-0.4613598576003173,616.135,619.9445432797216,612.3254567202783,8.222857142857126,70.13784292451044,59.82154282130191,21650365.2,21746787.9,0.4985303908673133,0.5690811176220167,0.4455192449706713,2.197057287961224,,,0.010812399960800967,-0.003975215257101539,0.0004799334182288747,0.002412191812815843
2024-04-10,2330,619.02,624.05,615.42,620.8,22746053,620.8,617.3399999999999,615.929,616.0930000000001,605.978,,,616.6264387945539,614.6077292084074,71.40841958045709,2.0187095861465423,2.177039354823867,-0.15832976867732462,616.0930000000001,619.6702900357775,612.5157099642227,8.218571428571408,75.85480140959957,68.6196515634004,22062746.4,21776603.1,0.5604691094048819,0.7908379050182601,0.7640080312550035,2.4459633848093576,,,0.01247655549213067,-0.00135126439740052,0.0004514889637769052,0.002514630223542097
2024-04-11,2330,621.36,626.36,618.36,622.86,22931315,622.86,619.058,616.676,616.376,606.4061666666668,,,617.5854482107763,615.219008526303,74.80287013466693,2.3664396844733346,2.214919420753761,0.15152026371957383,616.376,621.0009341617015,611.7510658382985,8.145714285714266,79.65260943677968,75.21508459029657,22402859.2,21790386.25,0.6141589317963714,1.0027956333633847,1.0519553000116977,2.7133354239746277,,,0.013984078662477417,0.009170447180816499,0.0004101095889817407,0.002029055917391039
2024-04-12,2330,623.91,628.79,620.71,625.04,23039582,625.04,620.9459999999999,617.614,616.77,606.9406666666667,,,618.7323023321953,615.9464893762064,77.8057974883315,2.785812955988945,2.3290981278007976,0.45671482818814724,616.77,622.7415257681831,610.7984742318168,8.062857142857117,80.85163143826823,78.78634742821583,22667111.0,21787587.85,0.6593165911367604,1.2023691172803552,1.3408563970361609,2.982059751035493,,,0.01533463287849246,0.012768163847300507,0.0003524966836100653,0.0021293431063462453
2024-04-15,2330,626.62,631.3,623.22,627.3,23076504,627.3,622.976,618.731,617.285,607.5101666666667,,,620.0504096657037,616.7874901631541,80.41206523490257,3.2629195025496074,2.51586240275056,0.7470570997990476,617.285,624.8191767964441,609.7508232035558,8.118571428571402,81.80933903458113,80.77119330320967,22854933.6,21768319.45,0.6940877337168638,1.3849314160758075,1.6224272418736918,3.2575312182704153,,,0.016446568905452486,0.016693679092382396,0.0002900866477676023,0.002213620351257536
2024-04-16,2330,629.42,632.62,625.82,629.62,23050575,629.62,625.124,620.467,617.929,608.1181666666666,,,621.5226543325185,617.7380464473648,82.66279245081127,3.7846078851537186,2.7696114992311918,1.0149963859225268,617.929,627.1743185991658,608.6836814008342,8.080714285714262,83.95115966044428,82.20404337776455,22968805.8,21733349.2,0.7192173072862351,1.4751791795534652,1.8919649344827594,3.5357985523098767,,,0.017353929679420954,0.020884002983428962,0.00021438981506312119,0.0022782722635710977
2024-04-17,2330,632.25,635.5,628.95,631.95,22972797,631.95,627.3539999999999,622.347,618.7049999999999,608.7671666666666,,,623.1268613582849,618.79078374756,84.57922301837817,4.336077610724942,3.082904721529942,1.253172889195,618.7049999999999,629.7474408533658,607.6625591466341,8.026428571428548,85.20469377660092,83.65506415720877,23014154.6,21684071.3,0.7326007326007522,1.5430298531205366,2.1407617523698796,3.808160919760528,,,0.01796069587628879,0.025177230180231547,0.00014411471214578623,0.002320077120557163
2024-04-18,2330,635.04,638.54,631.06,634.26,22856236,634.26,629.634,624.3459999999999,619.613,609.4585000000001,,,624.8396519185487,619.936651618111,86.20706207735951,4.903000300437725,3.4469238373114988,1.4560764631262262,619.613,632.4843652733534,606.7416347266467,8.029999999999982,85.64394093957806,84.93326479220775,22999138.8,21622450.25,0.7347125472893845,1.5879015802135577,2.3638948827735984,4.069432127043915,,,0.01830266833638383,0.029475734458691782,7.394079801177366e-05,0.0023388313478460085
2024-04-19,2330,633.17,636.92,628.56,631.96,22715507,631.96,631.018,625.982,620.422,610.1165,,,625.9350900849258,620.8272700167695,77.44150480985306,5.107820068156343,3.779103083480468,1.328716984675875,620.422,634.22799232218,606.6160076778201,8.085714285714264,81.09708850937908,83.9819077418527,22934323.8,21550942.75,0.1492825878184112,0.9549795361528002,1.8597019448053143,3.580217876421976,,,0.011071291437348085,0.02627561791548949,0.002917691976876425,0.002557821738563368
2024-04-22,2330,635.69,639.69,630.52,634.12,22933813,634.12,632.382,627.679,621.352,610.816,,,627.1943069949373,621.811916682194,79.54502303893426,5.382390312743269,4.099760529333029,1.2826297834102398,621.352,636.1799109789645,606.5240890210355,8.16214285714284,78.21470092791203,81.65191012562305,22905785.6,21490780.9,0.2748338820523166,1.0261614615113768,2.054873887908948,3.815224224643754,,,0.010871991072852083,0.03021835196256828,0.002899629265497235,0.0025653860923967923
2024-04-23,2330,637.98,640.98,633.15,636.15,18575806,636.15,633.688,629.406,622.392,611.5546666666667,,,628.572105918793,622.8739969279575,81.30901021832514,5.698108990835522,4.419430221633528,1.2786787692019939,622.392,638.2706619083631,606.513338091637,8.14499999999999,76.46253147787839,78.5914403050565,22010831.8,21465913.95,0.38851927131333674,1.0714864491282228,2.210503991053847,4.021771833970678,,,0.010371335091007294,0.03380190135695127,0.002853650952703919,0.0025574214721319514
2024-04-24,2330,640.0,643.25,634.83,638.03,19194843,638.03,634.9039999999999,631.129,623.529,612.3295,,,630.027166546671,623.9966638221829,82.7892834211359,6.0305027244880876,4.74164472220444,1.2888580022836473,623.529,640.4341044362378,606.6238955637622,8.115714285714278,77.5127472980867,77.39665990129237,21255241.0,21477333.2,0.4923578997769962,1.0934373163014044,2.3256336112674747,4.197168354619518,,,0.00962101432075313,0.03695818232053183,0.0027831602647897737,0.0025385962959927275
2024-04-25,2330,641.72,645.22,636.33,639.73,19776213,639.73,635.9979999999999,632.816,624.7459999999999,613.136,,,631.5199101548753,625.1620961316509,84.02159033303997,6.357814023224478,5.064878582408448,1.2929354408160298,624.7459999999999,642.6094827511353,606.8825172488645,8.131428571428557,76.8446135502249,76.93996410873,20639236.4,21524583.45,0.5867942980952945,1.092576673156187,2.3984147157404934,4.337373763732688,,,0.008624223504556605,0.03955215391865319,0.002686176013748854,0.0025154029910622933
2024-04-26,2330,643.12,646.87,637.63,641.23,20306704,641.23,637.8520000000001,634.435,626.0245,613.9689999999999,,,633.0137701310483,626.35231123301,85.039464498425,6.6614588980382905,5.384194645534417,1.2772642525038735,626.0245,644.7434513328103,607.3055486671897,8.134285714285706,75.03109220930581,76.46281768587248,20157475.8,21599056.35,0.5295899362234291,1.071031705375658,2.42889854949766,4.4401264558959985,,,0.014668649914551635,0.041532664132800656,0.00038065358231800854,0.002492549953815962
2024-04-29,2330,644.19,648.19,639.52,642.52,20775134,642.52,639.5319999999999,635.9570000000001,627.3439999999999,614.8226666666667,,,634.476267033964,627.5499178083427,85.87294475740701,6.926349225621266,5.692625561551787,1.2337236640694789,627.3439999999999,646.793290372662,607.8947096273379,8.157142857142853,73.1225815681227,74.99942910921781,19725740.0,21664662.1,0.467216652176905,1.0319880117680702,2.4190874544109953,4.504930418960917,,,0.013246704093862416,0.04283186989758647,0.0004235105449539697,0.0024753754301512507
2024-04-30,2330,644.95,647.95,640.4,643.6,21172794,643.6,641.022,637.355,628.911,615.6908333333334,,,635.8799182595079,628.7388127855024,86.54861369359917,7.141105474005485,5.982321544042527,1.1587839299629579,628.911,648.2965367735881,609.5254632264118,8.08,73.64657082390003,73.93341486710952,20245137.6,21718785.1,0.4021702843272079,0.9798307065920886,2.3356245955310273,4.532983951631553,,,0.01171107443213093,0.05118740404403366,0.0004529171401715663,0.0015696492956826804
2024-05-01,2330,645.39,648.64,641.05,644.45,21493800,644.45,642.3059999999999,638.605,630.476,616.6421666666666,,,637.1983923734298,629.9026044310208,87.07266193645017,7.295787942408992,6.24501482371582,1.0507731186931721,630.476,649.5708269434458,611.3811730565542,8.050714285714289,75.62217592526822,74.13044277243033,20704929.0,21759267.75,0.3337972866515493,0.9152762662365754,2.216420609190517,4.509557541880738,,,0.010062222779493313,0.051047867569110394,0.00047406077746538395,0.001574342118620158
2024-05-02,2330,645.56,649.06,641.48,645.08,21735318,645.08,643.376,639.6870000000001,632.0165,617.5938333333335,,,638.4109473929021,631.0268559546489,87.46253241763269,7.384091438253222,6.472830146623301,0.9112612916299208,632.0165,650.5973592643115,613.4356407356884,8.015000000000002,78.09459676070607,75.78778116995811,21096750.0,21784496.1,0.2648529009475098,0.8430685632191848,2.0669555304331677,4.450524792049126,,,0.00836290309974519,0.05015709704201754,0.0004844813607466553,0.0016029457913441533
2024-05-03,2330,645.48,649.25,642.48,645.5,21897688,645.5,644.2299999999999,641.0409999999999,633.5115,618.5386666666667,,,639.5015708709171,632.098940698749,87.72824453780314,7.4026301721681875,6.658790151732279,0.7438400204359086,633.5115,651.3656001173445,615.6573998826555,7.921428571428578,78.12481416783106,77.28052895126845,21414946.8,21793464.35,0.1971345637427735,0.6955873337274987,1.8923886938121859,4.3588759743395045,,,0.006659077086224929,0.04857050032488619,0.00048437949569378865,0.0016497409688667334
2024-05-06,2330,645.23,649.74,642.03,645.74,21984404,645.74,644.874,642.203,634.941,619.4699999999999,,,640.4613291984683,633.1093895358787,87.88623372557205,7.351939662589643,6.7974200539037515,0.5545196086858919,634.941,651.8809680046973,618.0010319953028,7.986428571428584,76.1377813021998,77.45239741024564,21656800.8,21785815.0,0.13428979924761109,0.5507604293346624,1.7007879472265897,4.240721907437028,,,0.00501151715121706,0.046325852710038085,0.0004654719129057972,0.0017058345842487217
2024-05-07,2330,644.83,648.8,641.43,645.8,22001974,645.8,645.314,643.168,636.287,620.3811666666667,,,641.2826631679347,634.0494347554433,87.9280766312839,7.233228412491485,6.884581725621299,0.3486466868701861,636.287,652.1523107123742,620.4216892876259,8.045000000000016,73.49979438715515,75.920796619062,21822636.8,21761853.0,0.0753121736084994,0.4092243395193762,1.4950800503546136,4.0972928739777315,,,0.003418272218769225,0.043497931747673135,0.0004334724344206545,0.0017645978313914254
2024-05-08,2330,639.79,644.42,636.19,641.17,21959665,641.17,644.658,643.4820000000001,637.3054999999999,621.1905,,,641.2653303728678,634.5768840328178,68.31754661567419,6.68844634004995,6.84535464850703,-0.15690830845707993,637.3054999999999,651.6008845348831,623.0101154651168,8.197142857142865,60.18135871832621,69.93964480256038,21915809.8,21722533.6,-0.5410620825305856,-0.3592952095008317,0.6063810841111517,3.2163241388913466,,,-0.005089611296454466,0.03281249999999991,0.003091070034502529,0.0026701165478057423
2024-05-09,2330,639.29,644.48,636.29,640.98,21869131,640.98,643.838,643.607,638.2115000000001,621.9686666666665,,,641.2214333924265,635.0511889192758,67.65075261458412,6.170244473150774,6.71033261343578,-0.5400881402850057,638.2115000000001,650.9410157409928,625.4819842590074,8.185000000000011,47.574087373982955,60.41841349315478,21942572.4,21669424.4,-0.4439004842833105,-0.40816833875330083,0.4337903657329667,3.0566384373060806,,,-0.006355800830904701,0.02909160967151525,0.002966297197282345,0.002671321780575271
2024-05-10,2330,638.8,644.45,635.6,640.7,21743947,640.7,642.8779999999999,643.554,638.9945,622.711,,,641.1412128705148,635.4696193696998,66.61883372760731,5.671593500814993,6.502584790911623,-0.8309912900966303,638.9945,650.2252194337756,627.7637805662245,8.162142857142864,36.05707117891529,47.937505757074824,21911824.2,21604642.65,-0.3387890081788303,-0.4434748288410839,0.2669037057439594,2.888820014420812,,,-0.007436096049573848,0.025054396518622957,0.002855224267835327,0.0026571681552408615
2024-05-13,2330,638.38,644.38,634.98,640.38,21599071,640.38,641.8059999999999,643.3399999999999,639.6485,623.4145,,,641.0241031981278,635.8333512682406,65.39119984792617,5.190751929887256,6.240218218706749,-1.0494662888194934,639.6485,649.5201691091319,629.7768308908682,8.274285714285716,36.00127062090985,39.87747639126936,21834757.6,21530771.0,-0.2221855202350742,-0.46009885907917214,0.11435968348241232,2.7213836059315266,,,-0.008300554402700833,0.020851267336202906,0.0027614782493459713,0.0026244864116774574
2024-05-14,2330,638.09,643.05,634.49,640.05,22049754,640.05,640.656,642.985,640.17,624.0766666666666,,,640.8742411676466,636.1456956187413,64.07978075547447,4.728545548905231,5.9378836847464465,-1.2093381358412154,640.17,648.9038468042546,631.4361531957453,8.284285714285716,36.37075825021231,36.14303335001248,21844313.6,21480729.95,-0.09459054469168615,-0.4564647697846813,-0.018745020853838668,2.5595145895536353,,,-0.008903685351501989,0.016565547473078812,0.002694074361385604,0.002570871535551241
2024-05-15,2330,637.94,643.0,634.94,639.75,22686629,639.75,640.3720000000001,642.515,640.5600000000001,624.6965,,,640.7012809880086,636.4126811284642,62.84584997336686,4.2885998595444335,5.608026919706044,-1.319427060161611,640.5600000000001,648.446271615928,632.6737283840721,8.224999999999998,35.84539517526304,36.0724746821284,21989706.4,21466421.55,-0.09713104258151084,-0.43034014770082507,-0.12645185462720754,2.4097301649681047,,,-0.0022147012492785834,0.012342748635176815,7.826478670574369e-05,0.0024972380573943026
2024-05-16,2330,637.97,643.01,634.77,639.51,23296131,639.51,640.0780000000001,641.958,640.8225,625.2738333333332,,,640.5180069898535,636.6421121559854,61.82025648636535,3.875894833868074,5.261600502538451,-1.3857056686703775,640.8225,648.1845754546658,633.4604245453341,8.153571428571427,34.62295081967195,35.61303474838243,22275106.4,21488416.3,-0.08873918491185684,-0.3813333582570744,-0.20481490584366435,2.2767891294561027,,,-0.002293363287466099,0.008277362595780824,4.98507893612336e-05,0.0024048059802842937
2024-05-17,2330,638.19,643.12,634.79,639.37,23863927,639.37,639.812,641.345,641.193,625.81,,,640.341390529876,636.8441779222087,61.1929189170653,3.4972126076672794,4.908722923564217,-1.4115103158969378,641.193,647.3868876321899,634.9991123678101,8.129285714285711,33.83728754014347,34.768544511692824,22699102.4,21545837.3,-0.06908279307046294,-0.3079465810133408,-0.284313771360567,2.166791837778259,,,-0.0020758545341034162,0.011725425659851796,0.00010965105358798736,0.002226547711833412
2024-05-20,2330,638.61,643.36,635.01,639.36,24377347,639.36,639.608,640.707,641.455,626.3831666666666,,,640.1904073714336,637.0305351131562,61.14518913683364,3.159872258277346,4.558952790506843,-1.3990805322294966,641.455,646.8174789044058,636.0925210955943,8.186428571428564,38.589602696830234,35.68328035221521,23254757.6,21618014.0,-0.038773748921205886,-0.2102365043615828,-0.32660124248778954,2.07170850429943,,,-0.0015928042724632219,0.008263420172837987,0.0001822914739617624,0.0021318957268085205
2024-05-21,2330,639.24,642.5,636.24,639.5,19825890,639.5,639.4979999999999,640.077,641.6225000000001,626.9208333333333,,,640.0841908527515,637.2134584381076,61.596804129821564,2.8707324146438395,4.221308715334242,-1.3505763006904026,641.6225000000001,646.4989490154413,636.7460509845588,8.091428571428562,44.33364181791853,38.92017735163074,22809984.8,21680518.2,0.0003127453096052335,-0.0901454043810368,-0.3308019902668713,2.006500023261837,,,-0.0008593078665728449,0.005266053603709908,0.00024852106954210013,0.002033752277918962
2024-05-22,2330,640.06,643.31,636.63,639.83,20201641,639.83,639.514,639.943,641.7125,627.4275,,,640.0450845677127,637.4072763315811,62.69741320458251,2.6378082361316046,3.9046086194937146,-1.26680038336211,641.7125,646.3824844753701,637.0425155246298,8.027142857142849,50.837785576741396,44.58701003049672,22312987.2,21730858.1,0.049412522634373346,-0.017657822649819188,-0.2933556694002304,1.9767224101589376,,,0.00012504884720598852,0.002821183956867257,0.000316226906311467,0.0019397103304765277
2024-05-23,2330,641.08,644.58,636.96,640.36,20499585,640.36,639.684,639.8810000000001,641.744,627.9083333333333,,,640.0935330957568,637.6259966033158,64.45914659984203,2.4675364924410133,3.6171941940831744,-1.1496577016421612,641.744,646.3683460078371,637.119653992163,8.087857142857136,53.98034009029024,49.71725582831672,21753678.0,21767026.7,0.10567717810670008,0.07485766884778311,-0.21566232017752318,1.9830389255331982,,,0.0013291426248220883,0.0009847904584747713,0.00037294075355157047,0.0018600006473525083
2024-05-24,2330,642.26,646.01,637.5,641.1,20717813,641.1,640.03,639.921,641.7375,628.3695,,,640.2483741579481,637.8833301882554,66.8156855421006,2.3650439696926924,3.3667641492050784,-1.001720179512386,641.7375,646.3650819820072,637.1099180179928,8.14499999999999,56.38978078098105,53.73596881600423,21124455.2,21787582.15,0.16717966345327628,0.18424149230920062,-0.09933968328170728,2.025957657079158,,,0.0027057885105650215,-0.00020273536796466818,0.00041820469320673494,0.0018038865434357393
2024-05-27,2330,639.04,643.04,634.51,637.51,20857590,637.51,639.66,639.634,641.4870000000001,628.7415000000001,,,639.827085825956,637.8556761002365,49.624955753899634,1.9714097257195817,3.0876932645079793,-1.1162835387883976,641.4870000000001,646.4483913371349,636.5256086628652,8.22785714285713,47.213947011118954,52.52802262746341,20420503.8,21791704.95,-0.3361160616577541,-0.3320648996144704,-0.619965798215727,1.3946112989201342,,,-0.0028935185185186008,-0.007797422648322172,0.002531133849147861,0.0021138110333867475
2024-05-28,2330,640.49,643.49,635.49,638.69,20923311,638.69,639.498,639.498,641.2415,629.1071666666667,,,639.6521495450397,637.9174778705893,53.8297997307132,1.7346716744503965,2.817088946496463,-1.0824172720460665,641.2415,646.2460989849533,636.2369010150467,8.112857142857138,39.937751610306215,47.84715980080207,20639988.0,21779230.8,-0.1263491050792931,-0.1263491050792931,-0.39790001115023177,1.5232433901696263,,,-0.001266614542611344,-0.007628962088253477,0.002711426355153364,0.002122445468990095
2024-05-29,2330,642.05,645.3,636.69,640.09,20922322,640.09,639.55,639.5319999999999,641.0235,629.4735000000001,,,639.7195111534952,638.0784054357308,58.27935097424918,1.6411057177643897,2.5818923007500487,-0.940786582985659,641.0235,645.8258130885225,636.2211869114775,8.142857142857126,36.98550724637711,41.37906862260076,20784124.2,21750656.9,0.08443436791494285,0.08725130251499014,-0.14562648639245834,1.6865682193134335,,,0.0004063579388275951,-0.00676545891845759,0.002883508623754101,0.002165424805213442
2024-05-30,2330,643.7,647.2,638.1,641.7,20864630,641.7,639.818,639.751,640.8545,629.8476666666667,,,640.0242017452653,638.3466716997507,62.72792250770648,1.6775300455145725,2.4010198497029536,-0.723489804188381,640.8545,645.298423829252,636.4105761707481,8.160714285714269,47.17611722113762,41.36645869260698,20857133.2,21707122.5,0.29414614781080317,0.3046497778041779,0.13193322353202142,1.881777763194603,,,0.0020925729277281313,-0.005239660197184803,0.003044870556585578,0.002236855396758172
2024-05-31,2330,645.4,649.15,640.49,643.49,20762500,643.49,640.296,640.163,640.754,630.2365000000001,,,640.557401476763,638.7276589812506,66.94764395556446,1.8297424955123915,2.286764378864841,-0.45702188335244953,640.754,644.8504736054555,636.6575263945446,8.107857142857126,55.50644113022121,46.55602186591199,20866070.6,21650363.1,0.4988317902969719,0.5197113860063718,0.4269969442250776,2.102940721459312,,,0.003727967555763545,-0.003113865220759071,0.003190183425126625,0.002327139040392406
2024-06-03,2330,647.16,651.16,642.25,645.45,20629973,645.45,641.884,640.772,640.7395,630.6463333333334,,,641.3101089418763,639.2256101678246,70.84049711688306,2.084498774051667,2.2463112579022066,-0.16181248385053948,640.7395,644.766744591553,636.712255408447,8.132857142857128,61.23442998864488,54.63899611333457,20820547.2,21582641.55,0.5555520935246916,0.7300568689018849,0.7351661634720452,2.347380121663556,,,0.012454706592837761,-0.0004490971598475335,0.00042329432568108985,0.0024280916382653376
2024-06-04,2330,648.95,651.95,644.15,647.55,20517702,647.55,643.6560000000001,641.577,640.827,631.083,,,642.2700921815876,639.8422316368747,74.32912168445814,2.427860544712985,2.2826211152643623,0.14523942944862256,640.827,645.3373130711951,636.3166869288049,8.114285714285709,67.2717152405828,61.33752878648297,20739425.4,21508427.95,0.6049815429359562,0.9309872392557539,1.0491130991671538,2.609323971648725,,,0.01387214454586716,0.002709817280891924,0.0003764878521747403,0.0025309416039760438
2024-06-05,2330,650.76,654.01,646.16,649.76,21164672,649.76,645.5899999999999,642.57,641.2565000000001,631.5516666666666,,,643.4223856921126,640.5768811452542,77.39426268897134,2.845504546858365,2.395197801583163,0.45030674527520187,641.2565000000001,647.2181449911242,635.294855008876,8.086428571428566,72.89382537088957,67.1333235333724,20787895.4,21468678.3,0.6459207856379656,1.1189442395380889,1.3260684297156988,2.88311064547373,,,0.015107250542892414,0.01339738290936876,0.0003212711471072532,0.001997868085978875
2024-06-06,2330,652.59,656.09,649.05,652.05,21795111,652.05,647.6600000000001,643.7389999999999,641.81,632.1325,,,644.7497109702491,641.4267418011613,80.05213461943012,3.3229691690878553,2.5807520750841015,0.7422170940037538,641.81,649.3994927366851,634.2205072633147,7.994285714285711,78.08491080293862,72.75015047147032,20973991.6,21464977.3,0.6778247846091823,1.2910511868940766,1.5954877611754181,3.1508425844265053,,,0.01612903225806428,0.017270429654591357,0.0002628881564091275,0.0020776350869702305
2024-06-07,2330,654.42,658.17,651.17,654.37,22393851,654.37,649.836,645.066,642.4935,632.7526666666666,,,646.2297554363647,642.3855016677419,82.32008122358937,3.8442537686228206,2.8334524137918455,1.010801354830975,642.4935,651.8228092456088,633.1641907543913,7.897857142857139,80.90974670626605,77.2961609600314,21300261.8,21497472.5,0.697714500273916,1.442333032588916,1.8485011910626348,3.4163954530943785,,,0.016907799655006217,0.02133603870766332,0.0001892165819351401,0.002134730369101721
2024-06-10,2330,656.25,660.7,652.85,656.7,22946989,656.7,652.086,646.985,643.3095,633.4143333333334,,,647.8405622923086,643.4458348775388,84.25606734503572,4.394727414769818,3.14570741398744,1.249020000782378,643.3095,654.4380281596536,632.1809718403463,8.011428571428569,82.62146226637812,80.53870659186093,21763665.0,21564868.4,0.7075753811613961,1.501580407582881,2.0815019831045722,3.6762140420988354,,,0.01742970020915635,0.025484868359411772,0.00011722979024425538,0.002169695549249201
2024-06-11,2330,658.07,661.99,654.47,658.99,23442440,658.99,654.374,649.015,644.2565000000001,634.1185,,,649.5558604011842,644.5972545162396,85.89127862994489,4.958605884944632,3.5082871081788785,1.4503187767657533,644.2565000000001,657.1912458807744,631.3217541192257,8.071428571428571,84.67595644491483,82.735721805853,22348612.6,21634502.7,0.7054069996668577,1.536944446584454,2.286899705319212,3.9222164311560004,,,0.01766658945255206,0.02959143816889309,5.4824212043806784e-05,0.002181141362092447
2024-06-12,2330,659.89,664.47,656.89,661.22,23870419,661.22,656.6659999999999,651.1279999999999,645.33,634.865,,,651.3503434163865,645.8285689965181,87.27708151458569,5.521774419868393,3.9109845705167814,1.6107898493516117,645.33,660.0333465578492,630.6266534421509,8.068571428571431,85.74325287408685,84.34689052845992,22889762.0,21693692.2,0.6935032421352849,1.5499256674571082,2.4623061069530383,4.151276255581893,,,0.017637281457768994,0.03355998436889407,6.5161791341179e-05,0.0021722705333465614
2024-06-13,2330,657.13,662.29,653.93,658.79,24223831,658.79,658.014,652.837,646.294,635.5765,,,652.4949059677117,646.788674996776,78.25676477069324,5.706230970935735,4.270033850600573,1.4361971203351622,646.294,661.8481330841748,630.7398669158251,8.057857142857147,82.77564249372345,84.39828393757504,23375506.0,21740077.2,0.11793062153691025,0.9118662085635387,1.9334853797188245,3.6523534145771475,,,0.010336630626485821,0.03014808212537723,0.00286970816243069,0.00243015423920895
2024-06-14,2330,658.9,664.53,655.5,660.78,24498551,660.78,659.296,654.566,647.3645,636.3264999999999,,,653.769535818833,647.8250694414593,80.07308771007331,5.944466377373715,4.604920355955201,1.3395460214185135,647.3645,663.787887561652,630.941112438348,8.093571428571433,80.8280301339998,83.11564183393669,23796446.0,21771808.4,0.22508857933309923,0.949331312656021,2.0723255600206603,3.842917118806155,,,0.009795681342359863,0.03348608786774476,0.0028213630283822426,0.002418843903111182
2024-06-17,2330,660.62,666.61,657.02,662.61,24693596,662.61,660.478,656.2819999999999,648.527,637.1113333333334,618.8369166666666,,655.1296072313203,648.9202494828327,81.59564033433352,6.209357748487605,4.925807834461683,1.2835499140259223,648.527,665.7894645980878,631.2645354019123,8.207142857142864,78.82571633405922,80.80979632059416,24145767.4,21787620.85,0.3227965200960581,0.9642196494799693,2.171536420226139,4.002230902605186,7.0734440939811405,,0.008999543170397306,0.03636448948948945,0.002748132113753412,0.002398964308650758
2024-06-18,2330,662.27,667.25,659.27,664.25,19811156,664.25,661.53,657.952,649.7645,637.9263333333333,619.5565,,656.532744580348,650.0557865581784,82.85959317490236,6.476958022169583,5.236037872003263,1.2409201501663203,649.7645,667.7925963776057,631.7364036223943,8.162142857142872,81.85206292476234,80.50193646427378,23419510.6,21786884.15,0.41116804982390676,0.9572126842079642,2.229346170804969,4.126443021895421,7.213789218578115,,0.007981911713379475,0.038702111024237595,0.0026517919873353273,0.0023753458864776743
2024-06-19,2330,663.85,668.94,660.65,665.69,19856511,665.69,662.424,659.545,651.0575000000001,638.7663333333334,620.2686666666666,,657.9415531064483,651.2138764427577,83.9048172354145,6.727676663690545,5.534365630340719,1.1933110333498256,651.0575000000001,669.7473452374612,632.367654762539,8.104285714285734,81.88910992281421,80.85562972721192,22616729.0,21769627.65,0.4930376918710788,0.9317029164044976,2.247497340864668,4.214947667352531,7.322848271125548,,0.006760231087988844,0.04041698576184305,0.002529488910039537,0.0023543007860357228
2024-06-20,2330,665.33,670.42,661.93,666.92,19837819,666.92,664.05,661.0319999999999,652.3855,639.6251666666667,620.972,,659.3228526285332,652.3772930025534,84.7597047160572,6.94555962597974,5.816604429468524,1.1289551965112166,652.3855,671.6128882521848,633.1581117478152,8.092142857142878,81.7689710812773,81.83671464295128,21739526.6,21736539.35,0.4321963707552223,0.8907284367474011,2.22790052813866,4.267316978094704,7.399367443298566,,0.01234080663033743,0.04147666937347738,0.0004172617855916223,0.002339679667984041
2024-06-21,2330,666.68,671.67,663.08,667.92,19765793,667.92,665.4780000000001,662.387,653.7265,640.4961666666666,621.6651666666668,,660.6454906856818,653.5286046319939,85.43694846163541,7.116886053687949,6.0766607543124085,1.0402252993755408,653.7265,673.3553300975952,634.0976699024047,8.069285714285732,80.21725335143104,81.29177811850752,20792975.0,21688938.35,0.3669542794803027,0.8353122872278629,2.17116791196319,4.2816545610343315,7.440473716960683,,0.010805411786070973,0.04183434721572277,0.00044817654929275825,0.002334398959774137
2024-06-24,2330,667.9,672.71,664.9,668.71,19653270,668.71,666.698,663.588,655.2864999999999,641.3725,622.3473333333333,,661.8861844263462,654.6531524370313,85.96746570968243,7.233031989314895,6.307935001312906,0.9250969880019895,655.2864999999999,674.4662458533805,636.1067541466193,8.070000000000018,79.2139190252512,80.40004781931985,19784909.8,21628722.35,0.30178581606665755,0.7718644701230293,2.048493292628506,4.26234364585325,7.449644946391154,,0.009206018623322931,0.04894040877790151,0.00046013819323927096,0.0015631325795346866
2024-06-25,2330,668.95,672.28,665.75,669.28,19514703,669.28,667.704,664.617,656.816,642.3228333333333,623.0178333333333,,663.0236945146006,655.7366226268808,86.35373775780234,7.287071887719776,6.50376237859428,0.7833095091254956,656.816,675.3249172022645,638.3070827977356,7.975714285714299,79.76598834824317,79.73238690830847,19725619.2,21558291.95,0.2360327330673595,0.7016070910012884,1.8976395215707154,4.196825220547207,7.425496380922203,,0.007572450131727582,0.0478949098936885,0.00046614697988161836,0.001595269437616294
2024-06-26,2330,669.81,673.06,666.24,669.64,19634416,669.64,668.4939999999999,665.4590000000001,658.2935,643.2643333333332,623.67625,,664.0415876662006,656.766502432297,86.60453757133948,7.27508523390361,6.658026949656147,0.617058284247463,658.2935,675.9226568431474,640.6643431568526,7.9600000000000035,80.32018423774304,79.7666972037458,19681200.2,21493896.65,0.17143011006830466,0.6282881439727994,1.7236232774590743,4.10028433101377,7.369809256004212,,0.005933692860039752,0.046165382993016424,0.0004620449504713089,0.0016431233174644421
2024-06-27,2330,670.48,673.98,666.22,669.82,20278177,669.82,669.074,666.562,659.6995,644.1901666666668,624.3225833333333,,664.9305741790928,657.7334281780527,86.73580263676206,7.197146001040096,6.765850759932937,0.43129524110715867,659.6995,676.2640108288864,643.1349891711135,8.014285714285718,79.24383511750945,79.77666923449856,19769271.8,21464574.0,0.11149738295017642,0.48877673794787135,1.5341075747366872,3.978612940640458,7.2874853290987085,,0.004348347627901594,0.04382110020258678,0.0004395549156407574,0.0016977423376222547
2024-06-28,2330,670.94,674.69,666.84,669.84,20900881,669.84,669.458,667.4680000000001,661.017,645.0941666666666,624.9572499999999,,665.6858704592324,658.6302112759747,86.75133743659288,7.055659183257717,6.823812444597894,0.23184673865982308,661.017,676.3615809327041,645.672419067296,8.014285714285718,74.84765240802888,78.13722392109379,19996289.4,21471493.05,0.05706108523613196,0.3553728418441038,1.3347614357875681,3.8360032708403047,7.181731230416188,,0.002874595759971399,0.040948577289468435,0.00040954792200388287,0.001751309084719665
2024-07-01,2330,671.2,675.2,666.52,669.72,21487670,669.72,669.66,668.179,662.2304999999999,645.9703333333333,625.5809166666667,,666.3065057731967,659.4516771073841,86.09976517555522,6.854828665812647,6.830015688840845,0.02481297697180196,662.2304999999999,676.2393535933641,648.2216464066357,8.097142857142867,68.7852696626975,74.29225239607861,20363169.4,21514377.9,0.008959770629890507,0.23062682305190485,1.1309506282178416,3.676587830916911,7.05569529974206,,0.0015103707137622546,0.0376016732512201,0.00036475657623576607,0.001796413157529127
2024-07-02,2330,666.72,669.72,661.55,664.95,22025116,664.95,668.7940000000001,668.249,663.1005,646.7381666666666,626.1566666666666,,666.0978125773204,659.8589602846149,65.15206279118505,6.238852292705474,6.711783009613772,-0.4729307169082979,663.1005,675.4129367612719,650.7880632387281,8.139285714285725,51.93084526110337,65.18792244394325,20865252.0,21589748.6,-0.5747659219430878,-0.4936782546625551,0.27891699674484904,2.815951535255512,6.1954675879838605,,-0.006469639015060813,0.026870511929580898,0.0029245059413923863,0.0026236441474841703
2024-07-03,2330,666.6,669.85,661.06,664.66,22501762,664.66,667.798,668.146,663.8455,647.4691666666666,626.7235833333333,,665.876610642348,660.2145928561249,64.13050395887434,5.662017786223146,6.501829964935647,-0.839812178712501,663.8455,674.5351500878337,653.1558499121663,8.170000000000016,37.568294497967024,52.76146980725596,21438721.2,21656603.1,-0.4699025753296726,-0.5217422539385064,0.1226942112283691,2.6550813874019807,6.053133737986305,,-0.007436831730482041,0.02293154395469088,0.0028268717113399838,0.0026049109968075664
2024-07-04,2330,666.33,669.83,661.33,664.33,22908570,664.33,666.7,667.887,664.4595,648.1603333333334,627.2832500000001,,665.6386705435253,660.5194378297452,62.92148038274144,5.119232713780093,6.225310514704536,-1.1060778009244432,664.4595,673.6780041628416,655.2409958371585,8.132142857142876,24.497999250474823,37.99904633651507,21964799.8,21712276.05,-0.3554822258887036,-0.5325751212405527,-0.019489524944715786,2.4947016710371583,5.905904549499752,,-0.008196231823474953,0.018832911586534884,0.0027472140471056883,0.002567849041108016
2024-07-05,2330,665.93,669.68,660.8,664.0,23239289,664.0,665.5319999999999,667.495,664.941,648.8096666666667,627.8751666666667,,665.386567382983,660.7772572497641,61.66942172276979,4.609310133218855,5.9021104384074,-1.2928003051885444,664.941,672.924487709036,656.957512290964,8.081428571428587,23.60259835507382,28.556297367838557,22432481.4,21754547.95,-0.230191786420475,-0.5235994277110745,-0.1415163149813381,2.341261869813893,5.753505672969483,,-0.008718499940284286,0.014716444824793395,0.00269065693070631,0.0025123476958680206
2024-07-08,2330,665.46,669.46,660.32,663.72,23490702,663.72,664.3320000000001,666.996,665.292,649.4166666666666,628.4634166666667,,665.1301724009857,660.9952381942261,60.56813919119449,4.134934206759567,5.548675192077833,-1.4137409853182659,665.292,672.3601414813467,658.2238585186534,8.164285714285727,22.732522868262425,23.611040157937023,22833087.8,21781733.6,-0.09212261339210936,-0.4911573682600756,-0.23628722425641513,2.202489413576303,5.609965894328761,,-0.008958967926894768,0.01068981269986291,0.002664023299635324,0.002437103659680772
2024-07-09,2330,664.95,667.95,659.9,663.5,23662751,663.5,664.042,666.418,665.5174999999999,649.9813333333333,629.04975,,664.8793766469879,661.180776105765,59.66654910434839,3.698600541222959,5.178660261906859,-1.4800597206839,665.5174999999999,672.0332067920781,659.0017932079218,8.14714285714287,22.867032117506522,23.06738444694759,23160614.8,21792749.15,-0.08162134322829973,-0.43786332301948283,-0.3031475505903214,2.0798546009526575,5.476554119924537,,-0.002180615083840931,0.006843806431053645,6.079511680599969e-05,0.0023462131746609044
2024-07-10,2330,664.46,667.71,660.4,663.4,23758546,663.4,663.79,665.794,665.6265000000001,650.5055,629.6363333333334,,664.651780239759,661.3451630608935,59.23492593536982,3.3066171788655083,4.804251645298589,-1.4976344664330803,665.6265000000001,671.9201452871397,659.3328547128605,8.062857142857158,23.084897041253708,22.894817342340886,23411971.6,21787155.5,-0.058753521445031875,-0.35957067801752896,-0.3344968987863517,1.9822276675600659,5.362407612013054,,-0.0018957060752865518,0.0032969359668491016,0.00012950859388304026,0.002241337216570142
2024-07-11,2330,664.04,667.54,660.23,663.43,23784232,663.43,663.61,665.155,665.8585,650.9916666666667,630.2250833333334,,664.4638140490268,661.4995954267532,59.329976388385646,2.96421862227362,4.436245040693596,-1.4720264184199756,665.8585,671.4273464694527,660.2896535305474,7.971428571428589,23.1590413943354,23.03699018436521,23587104.0,21765175.55,-0.02712436521451478,-0.25933804902616986,-0.36471712833884284,1.9106747398200064,5.268739303590064,,-0.0013547483931179993,0.007043215592221985,0.00019584988182559928,0.0020619495358457558
2024-07-12,2330,663.74,667.49,660.23,663.63,23748754,663.63,663.5360000000001,664.534,666.001,651.5195,630.818,,664.3355349645611,661.6574031729197,59.99958931650105,2.6781317916414764,4.0846223908831725,-1.406490599241696,666.001,671.1745709138212,660.8274290861788,7.93214285714287,27.81171653474331,24.685218323444143,23688997.0,21727685.7,0.014166526006120783,-0.13603517652971409,-0.3560054714632499,1.8588085237663643,5.201500274247084,,-0.0005572289156626775,0.004313084536456957,0.00026124276616573146,0.0019691336361933793
2024-07-15,2330,663.64,668.02,660.04,664.02,23663491,664.02,663.5959999999999,663.9639999999999,666.0715,652.0178333333333,631.4169166666667,,664.2869911238595,661.8324103452959,61.33640321781684,2.4545807785635816,3.7586140684192544,-1.3040332898556728,666.0715,671.0945519607443,661.0484480392557,8.035714285714302,33.98878926221507,28.319849063764593,23723554.8,21676180.45,0.06389429713260508,0.00843419221525643,-0.307999966970518,1.8407727600497692,5.163479544616778,,0.00045199783041027786,0.0021279485670302467,0.00032557033997545124,0.0018832791268520472
2024-07-16,2330,663.75,667.61,660.75,664.61,18541811,664.61,663.818,663.9300000000001,666.0894999999999,652.4921666666667,632.0234166666667,,664.3366847971118,662.0381577271258,63.332841315605314,2.298527069985994,3.4665966687326026,-1.1680695987466088,666.0894999999999,671.0888378561901,661.0901621438097,8.03857142857145,42.10883217699776,34.636445991318716,22699366.8,21612713.2,0.11930981082164394,0.1024204358893277,-0.2221172980507724,1.8571615035991584,5.155913922493127,,0.0016729464958553653,0.000541964621753932,0.0003718206017518045,0.0018140481879974453
2024-07-17,2330,664.14,668.67,660.94,665.42,18398530,665.42,664.222,664.006,666.0759999999999,652.9486666666667,632.6390833333334,,664.5033486744792,662.2886645621536,65.93358592757187,2.2146841123255854,3.2162141574511995,-1.0015300451256142,666.0759999999999,671.0810350648458,661.070964935154,8.036428571428587,48.4269257121582,41.50818238379034,21627363.6,21539814.15,0.18036138519952338,0.21294988298299344,-0.09848725971209893,1.910002113489262,5.181614214212971,,0.0030449201085318567,-0.0004055941954965725,0.0004154082008029865,0.0017693318095405414
2024-07-18,2330,664.82,669.94,661.42,666.44,18750671,666.44,664.824,664.217,666.052,653.3938333333334,633.2649166666667,,664.8012950322517,662.596170890883,68.92283233827409,2.205124141368742,3.0139961542347082,-0.8088720128659661,666.052,671.0452057838964,661.0587942161036,8.084285714285736,56.33772806389044,48.95782865101546,20620651.4,21485456.75,0.24307185059506686,0.3346797808547519,0.058253709920541574,1.9966773485006417,5.238736974086278,,0.0045370272673832535,-0.0007197265039283751,0.0004376938099582021,0.0017539900328461967
2024-07-19,2330,661.28,666.89,657.68,663.14,19389879,663.14,664.7259999999999,664.1310000000001,665.813,653.759,633.864,,664.5457111811361,662.6364545285953,52.78502635783253,1.909256652540762,2.793048253895919,-0.8837916013551572,665.813,670.882682830349,660.7433171696509,8.122142857142876,55.37207781064951,53.37891052889938,19748876.4,21466661.05,-0.23859454873134123,-0.14921754894743344,-0.40146407474771495,1.4349324445246614,4.618656367927487,,-0.0007383632445790989,-0.007156545694095073,0.00242422267733237,0.0020158759328970876
2024-07-22,2330,662.63,668.61,659.63,664.61,20003578,664.61,664.8439999999999,664.22,665.608,654.1271666666668,634.4749166666667,,664.5556017686536,662.7826430820327,57.55282833620688,1.772958686620882,2.589030340440912,-0.8160716538200301,665.608,670.5217057299287,660.6942942700712,8.180000000000016,55.39993370725912,55.70324652726635,19016893.8,21484176.45,-0.03519622648319176,0.05871548583300523,-0.1499381017054935,1.6025681041122564,4.749609880821404,,0.0008885274539924826,-0.006131207847946074,0.002603601603236749,0.002067303084427759
2024-07-23,2330,664.28,669.27,661.08,666.27,20577267,666.27,665.176,664.497,665.4575000000001,654.5049999999999,635.0979166666667,,664.8193553427069,663.0409658166969,62.195399291042875,1.7783895260099598,2.4269021775547217,-0.6485126515447619,665.4575000000001,670.0883568322001,660.8266431678001,8.137142857142862,57.04187058183783,55.937960699915486,19423985.0,21537304.65,0.16446774988874147,0.26681836035378215,0.12209645244058986,1.797541653616097,4.9082326544135135,,0.0024977054212245164,-0.0044973703083911465,0.0027655819675732616,0.002143083392263812
2024-07-24,2330,666.25,671.36,662.85,668.11,21098042,668.11,665.714,664.9680000000001,665.381,654.8993333333333,635.77075,,665.3256083669058,663.4164498302749,66.56111986300289,1.9091585366309118,2.32335344936996,-0.41419491273904807,665.381,669.7775800345647,660.9844199654352,8.137857142857147,67.61107613151052,60.01762680686915,19963887.4,21610485.95,0.3599143175597952,0.47250394003921503,0.41014095683526985,2.0172056977713737,5.086621238866362,,0.004042559586426631,-0.0022848097485215213,0.00291052102045346,0.002235377177180425
2024-07-25,2330,668.49,673.62,664.89,670.12,21555109,670.12,666.45,665.637,665.396,655.3166666666667,636.4552500000001,,666.0632070796896,663.9130091021063,70.56059682027856,2.150197977583275,2.288722355012623,-0.1385243774293481,665.396,669.8546652711694,660.9373347288305,8.127142857142863,74.7835342960659,66.47882700313808,20524775.0,21674332.55,0.5506789706654525,0.6734902056225955,0.7099531707434492,2.2589587731122185,5.289413513361696,,0.005521877438328993,0.00044788152040831086,0.00304061492472014,0.0023361783420399063
2024-07-26,2330,670.96,676.0,667.96,672.25,21940211,672.25,668.272,666.499,665.5165,655.7625,637.1505833333334,,667.0150213751219,664.5305639834318,74.09634087813086,2.484457391690171,2.327869362348133,0.15658802934203786,665.5165,670.5431540561624,660.4898459438375,8.048571428571433,77.9386392396584,73.44441655574494,21034841.4,21726299.05,0.5952665980319294,0.8628670110532699,1.011770557153735,2.5142486799717867,5.508810253776986,,0.013737672286395108,0.0035978741191926567,0.0003455766413355002,0.002435188393599277
2024-07-29,2330,673.62,678.49,670.42,674.49,22247963,674.49,670.2479999999999,667.546,665.755,656.2416666666667,637.8558333333334,,668.1650180866416,665.268299984659,77.19789810738646,2.896718101982515,2.4416391102750095,0.4550789917075053,665.755,671.8877465299273,659.6222534700727,8.050000000000002,79.4505665163369,77.39091335068707,21483718.4,21764313.7,0.6329000608729984,1.040227939347993,1.3120442204714866,2.780733723602835,5.743330193473706,,0.014865861181745599,0.007122379501881326,0.0002971636794195617,0.002527599141922445
2024-07-30,2330,676.39,679.79,672.99,676.79,22476063,676.79,672.3520000000001,668.7639999999999,666.347,656.7581666666666,638.5696666666666,,669.4919383810044,666.1217592450547,79.86388964447943,3.3701791359496838,2.6273471154099446,0.7428320205397392,666.347,674.1208898886168,658.5731101113831,8.013571428571424,82.24683951429905,79.87868175676478,21863477.6,21786861.05,0.6600709152348561,1.2001244086105256,1.567201473106361,3.0501079925665087,5.9853036134402515,,0.01578939468984042,0.01780585006391444,0.00023311316654218845,0.0019440241335203228
2024-07-31,2330,679.22,682.47,675.52,679.12,22625383,679.12,674.554,670.1339999999999,667.0699999999999,657.3906666666667,639.2905833333333,,670.9731786300806,667.0845918935693,82.14178933062814,3.8885867365113427,2.8795950396302246,1.0089916968811181,667.0699999999999,676.5780576355186,657.5619423644813,7.987857142857146,84.565479114598,82.08762838174465,22168945.8,21793042.1,0.6768916943639791,1.3409258446818173,1.806407123690179,3.305391213342457,6.230252361765065,,0.016479322267291208,0.02175548400686078,0.00016121036224294217,0.0019953812458268633
2024-08-01,2330,682.03,685.53,678.44,681.44,22699938,681.44,676.818,671.634,667.9255,658.065,640.0168333333334,,672.5834588408375,668.1479554570086,84.07371432349699,4.435503383828859,3.1907767084699517,1.2447266753589075,667.9255,679.2070556994747,656.6439443005254,7.975714285714283,85.70881988792445,84.1737128389405,22397911.6,21782610.5,0.6829014594765592,1.4600213806924556,2.023354401052213,3.5520807215092765,6.472199559334513,,0.016892496866232953,0.025755272229163184,9.604430493487552e-05,0.0020229708488374034
2024-08-02,2330,684.77,688.52,680.52,683.72,22706721,683.72,679.112,673.692,668.9114999999999,658.7819999999999,640.7465,,674.2967728653241,669.301440237971,85.70985452030895,4.99533262735315,3.5516878922465915,1.4436447351065587,668.9114999999999,681.9574208567411,655.8655791432587,7.977142857142853,84.40075644157288,84.89168514803178,22551213.6,21755982.1,0.6785331432812347,1.4885140390564322,2.2138205128780175,3.7854707627105855,6.70678653726553,,0.017062104871699457,0.029698795180722826,4.2812448797734534e-05,0.0020281097493653503
2024-08-05,2330,687.36,691.36,682.52,685.92,22655430,685.92,681.3979999999999,675.823,670.0215000000001,659.5409999999999,641.47775,,676.0849616552742,670.5324446647879,87.08822074515521,5.5525169904863105,3.951853711894535,1.6006632785917754,670.0215000000001,684.77735073794,655.2656492620602,8.118571428571427,82.54491954539922,84.21816529163219,22632707.0,21714218.5,0.663635643192384,1.494030241646116,2.3728343045708034,3.9995997216245804,6.928104677052316,,0.016946137081350177,0.03344783945037055,8.09191030641433e-05,0.0020137545911491687
2024-08-06,2330,689.75,692.75,684.41,688.01,22558075,688.01,683.642,677.997,671.2470000000001,660.3403333333333,642.2085000000001,,677.9195829390783,671.8270783933222,88.24793366495226,6.092504545756128,4.379983878666854,1.712520667089274,671.2470000000001,687.6158412540525,654.8781587459476,8.162142857142864,82.13754160033272,83.02773919576828,22649109.4,21658984.7,0.6389309024313894,1.4768501925524813,2.4972923528894686,4.190213026515122,7.131873838480796,,0.016578259135034523,0.03694046721929167,0.00014599132888599203,0.0019820390685856997
2024-08-07,2330,687.33,690.58,682.4,685.4,22428505,685.4,684.8979999999999,679.726,672.347,661.1011666666667,642.8988333333333,,679.0704163330662,672.8324799938168,78.73701918142012,6.237936339249359,4.751574370783356,1.486361968466003,672.347,689.4011890455212,655.2928109544788,8.137857142857147,78.08542804471618,80.92262973014938,22609733.8,21592482.65,0.073295585620059,0.8347481190950523,1.9414082311663527,3.6755090685817837,6.610863865828565,,0.009247261161503095,0.033162496231534444,0.002822889008923771,0.002296898821430541
2024-08-08,2330,689.17,692.67,683.97,687.17,22281851,687.17,686.044,681.4309999999999,673.534,661.8955000000001,643.5846666666667,,680.316506127979,673.8945185127934,80.28852794397321,6.4219876151855715,5.085657019663799,1.3363305955217726,673.534,691.2329032428675,655.8350967571325,8.101428571428569,76.11616801234463,78.77971255246452,22526116.4,21517363.6,0.16412941443988416,0.8421982563164843,2.0245451603037035,3.8185030718595137,6.772276530308874,,0.008408664005634892,0.03578373000919455,0.0027489051388187398,0.002275546675075012
2024-08-09,2330,690.71,694.46,685.36,688.76,22866071,688.76,687.052,683.082,674.7905,662.7186666666668,644.2643333333333,,681.6155051852129,674.9956652896235,81.58820305793046,6.619839895589394,5.3924935948489185,1.227346300740475,674.7905,693.0575298352082,656.5234701647917,8.109999999999998,72.93782369912232,75.71313991872772,22557986.4,21473229.45,0.24859835936725805,0.83123256065889,2.0701980837015466,3.9294703232543027,6.906430228172389,,0.007371438600596747,0.037867486400554595,0.0026531425249034187,0.00225311897843344
2024-08-12,2330,691.9,695.9,686.53,690.13,23499400,690.13,687.894,684.646,676.096,663.5648333333334,644.974,,682.925427464411,676.1167271200218,82.64972789711605,6.8087003443891945,5.675734944756973,1.132965399632221,676.096,694.8236900871517,657.3683099128483,8.194285714285716,73.38348415899053,74.1458252901525,22726780.4,21465024.9,0.3250500803902989,0.8009978879596202,2.075740723210906,4.003401827854547,7.001212451974803,,0.006137742010730252,0.03932110478600048,0.0025344628425045972,0.0022340888980889417
2024-08-13,2330,692.78,695.78,688.29,691.29,19102853,691.29,688.55,686.096,677.4300000000001,664.428,645.6744166666667,,684.2122847775785,677.2406732592794,83.51631154060198,6.971611518299028,5.934910259465385,1.0367012588336433,677.4300000000001,696.4928969466974,658.3671030533027,8.121428571428575,72.91201648169276,73.0777747799352,22035736.0,21493077.0,0.3979376951564806,0.7570369161166823,2.0459678490766464,4.042875977532545,7.064796460238654,,0.0047673725672592315,0.04014384375799329,0.002393318822286786,0.002222214434785159
2024-08-14,2330,693.34,696.59,689.03,692.23,19662338,692.23,689.9159999999999,687.407,678.7705,665.3013333333333,646.3644166666667,,685.4457794271817,678.3509937585922,84.20478057049459,7.094785668589566,6.166885341290221,0.9279003272993451,678.7705,698.0361756694493,659.5048243305506,8.037857142857149,72.71780715046678,73.00443593038335,21482502.6,21556267.4,0.33540315052849046,0.7016221830734803,1.982923536011083,4.04758946322068,7.0959325963307895,,0.009964983950977668,0.040290342941300405,0.00043554417645137543,0.0022200348027053398
2024-08-15,2330,693.62,697.12,689.55,692.95,20165518,692.95,691.072,688.558,680.096,666.1778333333333,647.0430833333334,,686.600274899923,679.432401628326,84.7308396175899,7.167873271596932,6.3670829273515634,0.8007903442453683,680.096,699.4335762700608,660.7584237299392,8.004285714285727,72.71222925369396,72.7806842952845,21059236.0,21627009.75,0.27175171328024383,0.6378547631426867,1.8900272902649062,4.018771764396245,7.094877891309914,,0.008411310156147822,0.03977852469839749,0.0004492711795356421,0.0022275751727351047
2024-08-16,2330,693.64,697.39,689.86,693.46,20602300,693.46,692.0120000000001,689.5319999999999,681.612,667.0504999999999,647.7100000000002,,687.6556172230117,680.4714829891908,85.1091520575032,7.1841342338209415,6.53049318864544,0.6536410451755019,681.612,700.1313667278453,663.0926332721547,7.965714285714292,72.77413892441518,72.73472510952531,20606481.8,21687630.8,0.20924492638856318,0.5696617415870575,1.7382323081166495,3.9591455219657457,7.063346250636848,,0.006823857366862196,0.04572186868534556,0.00044506152598375103,0.0016032877680282097
2024-08-19,2330,693.45,697.77,690.45,693.77,20965235,693.77,692.74,690.3169999999999,683.0699999999999,667.9881666666666,648.3648333333333,,688.5962914963945,681.4565583233248,85.34680543067662,7.1397331730697715,6.6523411855303065,0.487391987539465,683.0699999999999,700.5689622549576,665.5710377450423,8.002857142857149,73.1429979486608,72.87645537559,20099648.8,21735713.65,0.14868493229782676,0.5002049782925955,1.5664573176980445,3.8596242598109898,7.003027359339087,,0.005274368597220747,0.04387535547163002,0.00043730046254035964,0.0016502310185596669
2024-08-20,2330,693.09,696.89,689.89,693.89,21249823,693.89,693.26,690.905,684.451,668.9081666666667,649.0076666666666,,689.4107081892569,682.3775540030784,85.44365133065371,7.033154186178422,6.72850378565993,0.3046504005184918,684.451,700.7467514708724,668.1552485291277,8.006428571428573,73.21395205494086,73.04369630933896,20529042.8,21769341.45,0.09087499639384156,0.4320420318278284,1.379061466781395,3.734717944590793,6.915532071269825,,0.0037610843495494706,0.04145466552598798,0.0004197473837501151,0.0017027318411784293
2024-08-21,2330,692.64,697.12,689.24,693.87,21454685,693.87,693.588,691.752,685.739,669.8045,649.639,,690.0967530832173,683.2288462991467,85.34241246477276,6.867906784070669,6.756384385342079,0.11152239872859049,685.739,700.6806731325661,670.797326867434,8.062857142857151,71.4776884486365,72.61154615074605,20887512.2,21787173.6,0.04065814287443903,0.30617909308539026,1.1857280977164653,3.5929140517867664,6.8085505950227665,,0.0023691547607009866,0.038556525123108365,0.00038296230395784786,0.001751068080856977
2024-08-22,2330,692.13,697.21,688.53,693.71,21581619,693.71,693.74,692.4060000000001,686.9185,670.6713333333333,650.2595,,690.6526372242608,684.0052280547654,84.48003730272883,6.647409169495404,6.734589342172744,-0.08718017267734002,686.9185,700.3946066707136,673.4423933292863,8.111428571428585,68.11226413064726,70.93463487807487,21170732.4,21788499.1,-0.00432438665781687,0.18832881286412473,0.9886907981077941,3.4351649640608883,6.682024637856121,,0.0010967602280107513,0.035202650271593194,0.0003420345591878859,0.001789943116274365
2024-08-23,2330,691.64,697.22,688.64,693.47,21635532,693.47,693.742,692.8770000000001,687.9795,671.5043333333332,650.8704166666666,,691.0860776512977,684.706322272931,83.12319463365714,6.379755378366781,6.663622549411552,-0.2838671710447711,687.9795,699.9232857901278,676.0357142098723,8.092857142857156,62.36469487729946,67.31821581886108,21377378.8,21773265.15,-0.03920765933155268,0.0855851760124704,0.7980615701485227,3.2711131673015093,6.545017601429892,,1.442044241906082e-05,0.031565637783562694,0.00028404561706556143,0.0018123060004915784
2024-08-26,2330,686.64,692.61,683.44,688.61,21624242,688.61,692.71,692.725,688.6855,672.2236666666666,651.435,,690.7051426280212,684.9954835860472,61.5610805082462,5.709659041974078,6.472829847924057,-0.7631708059499793,688.6855,698.9005114537607,678.4704885462394,8.213571428571438,51.532837160261955,60.66993205606957,21509180.2,21742079.1,-0.5918782751800911,-0.5940308203110867,-0.010962914131351642,2.437631125751305,5.706632281041091,,-0.0074376234198653135,0.020934335572061924,0.00276573009860535,0.002554894490153405
2024-08-27,2330,686.29,691.28,682.89,688.28,21558165,688.28,691.588,692.424,689.26,672.9024999999999,651.99275,,690.3320437621718,685.2387810981918,60.41510068296449,5.093262663979999,6.196916411135246,-1.1036537471552466,689.26,697.9063032563325,680.6136967436674,8.228571428571431,42.31420873387877,52.07058025714673,21570848.6,21696184.2,-0.47831946187614216,-0.5984772336025346,-0.1421814699823054,2.285249348902707,5.565591028427841,,-0.008084854948190667,0.0169772011997813,0.002698884391253036,0.0025147807892829566
2024-08-28,2330,686.07,691.21,682.47,687.96,21449902,687.96,690.4060000000001,691.997,689.702,673.5391666666667,652.5454166666666,,689.967113952607,685.4403528686961,59.263039921635816,4.526761083910856,5.862885345690368,-1.3361242617795126,689.702,697.0335198970247,682.3704801029753,8.23142857142858,36.06120964394731,43.302751846029345,21569892.0,21637410.15,-0.35428429069273015,-0.5833840320116912,-0.25257285030345633,2.1410534156019123,5.427144598492206,,-0.008517445631025966,0.013016845329249627,0.0026527512413416984,0.002456508905129246
2024-08-29,2330,686.03,691.19,683.03,687.69,21313737,687.69,689.202,691.471,690.0145,674.1331666666666,653.1328333333333,,689.616788729129,685.6069933969409,58.25366706911788,4.009795332188105,5.492267342989916,-1.4824720108018106,690.0145,696.3798797216247,683.6491202783753,8.164285714285727,35.40770609319008,37.927708157005384,21516315.6,21568100.1,-0.21938415732977168,-0.5468052890142849,-0.3368769786721737,2.011002277245444,5.290985983708785,,-0.008677977829352312,0.009171753932848192,0.0026354815901287083,0.002381149137227137
2024-08-30,2330,686.17,691.26,682.97,687.51,21334936,687.51,688.01,690.876,690.204,674.6855,653.7190833333334,,689.292667386186,685.7479568490193,57.54993721799889,3.544710537166793,5.102755981825291,-1.5580454446584984,690.204,696.0095814524018,684.3984185475981,8.087142857142867,34.72316384180797,35.39735985964845,21456196.4,21499510.85,-0.07267336230577515,-0.487207545203483,-0.3903193838343366,1.9008115633135647,5.169027113965474,,-0.00859445974591555,0.005543204820686709,0.002644579073706359,0.002290583039434949
2024-09-02,2330,686.51,691.44,683.11,687.44,21980223,687.44,687.7760000000001,690.243,690.28,675.1978333333334,654.3060833333334,,689.0076416344651,685.8732933787215,57.260238830739326,3.134348255743589,4.709074436608952,-1.5747261808653628,690.28,695.8959665241588,684.6640334758412,8.14714285714287,33.994017946161584,34.70829596038654,21527392.6,21465750.5,-0.04885311496766187,-0.40608887015152195,-0.41142724691428656,1.8131229192826614,5.063978084670606,,-0.0016990749480837453,0.0022160018661070424,0.0001418437575203521,0.0021896801444472153
2024-09-03,2330,687.06,690.52,683.46,687.52,22606365,687.52,687.624,689.606,690.2555,675.6733333333334,654.8959166666666,,688.7787736907012,685.9952716469644,57.52340348872969,2.783502043736803,4.323959958034522,-1.5404579142977193,690.2555,695.914971618488,684.5960283815119,8.111428571428576,34.03389830508462,34.250360031018054,21737032.6,21468165.0,-0.015124544809375084,-0.30249156764877716,-0.3963025285564581,1.7533127448174923,4.981567681683785,,-0.0011042017783460256,-0.0007121989505967097,0.0002090868107300597,0.002083946999303208
2024-09-04,2330,687.82,691.07,684.78,687.78,23198366,687.78,687.588,688.9970000000001,690.3745000000001,676.116,655.4905,,688.6251161998241,686.1274737471892,58.4194968470422,2.4976424526348637,3.9586964569545904,-1.4610540043197267,690.3745000000001,695.7114859471873,685.037514052813,8.020000000000007,34.644067796609995,34.22399468261873,22086725.4,21506658.05,0.02792369849387022,-0.17663357024777504,-0.375810520232156,1.7251477557105543,4.926005792608734,,-0.00026164311878607016,0.003472424861394874,0.0002741486626837696,0.0018975982041676655
2024-09-05,2330,688.75,692.25,685.02,688.22,23742593,688.22,687.6940000000001,688.4480000000001,690.427,676.6065,656.0915,,688.5627906306204,686.2824756918419,59.95897232184911,2.2803149387784742,3.6230201533193673,-1.342705214540893,690.427,695.6564362985387,685.1975637014614,7.998571428571438,42.31446751133823,36.99747787101094,22572496.6,21579695.15,0.07648750752513589,-0.03311796969416303,-0.3196572555824173,1.716433407009843,4.896954159595124,,0.0007706960985327527,0.0015280061702345193,0.0003243139803309232,0.0018200229518362963
2024-09-06,2330,689.87,693.62,685.48,688.88,24227314,688.88,687.968,687.989,690.433,677.0748333333333,656.7006666666667,,688.6115920720633,686.4748848998536,62.21860067629844,2.1367071722097535,3.3257575570974445,-1.189050384887691,690.433,695.6550421293277,685.2109578706722,8.05714285714287,50.0649678786966,42.34116772888161,23150972.2,21647757.3,0.1325643053165404,0.12950788457373186,-0.22493131122064414,1.7435541960034495,4.900152377897182,,0.001992698288024952,0.0001742261455368599,0.00037488049502023364,0.0017597597990359692
2024-09-09,2330,691.14,695.14,686.15,689.75,24643173,689.75,688.43,688.1030000000001,690.414,677.5271666666666,657.31925,,688.7867317532844,686.7174860183829,65.02081582750803,2.069245734901415,3.0744551926582386,-1.0052094577568238,690.414,695.6430741054677,685.1849258945323,8.199285714285727,57.217822390667244,49.86575259356736,23683562.2,21704945.95,0.19174062722426832,0.23935370140806267,-0.09617417955023466,1.8040359021274321,4.933789783275011,,0.0033602932619574144,-0.0005506208975120108,0.000406852877727993,0.0017257194432604595
2024-09-10,2330,692.55,695.55,687.85,690.85,19983557,690.85,689.0960000000001,688.3599999999999,690.392,677.9705,657.9484166666666,,689.1041576373946,687.0235981651693,68.22935660906106,2.080559472225218,2.8756760485716346,-0.7951165763464165,690.392,695.6098370998407,685.1741629001594,8.18642857142858,59.19548749050437,55.4927592532894,23159000.6,21748981.15,0.254536378095338,0.36172932767739585,0.0663391232806898,1.899713925605906,5.000632648380132,,0.004843495461950287,-0.0006364911976159959,0.00043256451644905515,0.0017215602238135706
2024-09-11,2330,694.07,697.32,688.96,692.16,20244863,692.16,689.972,688.78,690.3885,678.4116666666666,658.589,,689.5742872316415,687.4040723751567,71.57349780332986,2.1702148564847903,2.734583810154266,-0.5643689536694758,690.3885,695.6014925187433,685.1755074812568,8.163571428571434,61.37982836017816,59.26437941378325,22568300.0,21778107.4,0.31711431768246534,0.4907227271407466,0.25659465648688595,2.026547302891313,5.097412802218071,,0.00636831544970784,-0.00010112245929827512,0.0004453376877861522,0.0017470002887063657
2024-09-12,2330,691.13,694.63,685.73,689.13,20426640,689.13,690.1540000000001,688.924,690.1975,678.7818333333332,659.2035,,689.5059353498505,687.5319188658858,56.705844246382284,1.9740164839646468,2.5824703449163424,-0.6084538609516956,690.1975,695.2998401494286,685.0951598505713,8.186428571428573,56.34848452144237,58.974600124041636,21905109.4,21791163.5,-0.1483726820390996,0.029901701784229573,-0.1546658746228391,1.5245202741872799,4.539796891248304,,0.0013222516055912958,-0.0055126632513169405,0.002343517463950739,0.001969974208210097
2024-09-13,2330,692.81,696.56,687.25,690.85,20531608,690.85,690.548,689.258,690.067,679.1640000000001,659.8300833333334,,689.7127145267966,687.777702653598,61.584171159373334,1.9350118731986186,2.452978650572798,-0.5179667773741796,690.067,694.9580248415307,685.1759751584693,8.135,53.241749061765574,56.99002064779537,21165968.2,21787628.9,0.043733382762689565,0.23097301736070275,0.11346724303582523,1.720644792715742,4.701197694709536,,0.002859714318894424,-0.0037637354714042948,0.002509059763207752,0.0020507904582108814
2024-09-16,2330,694.55,698.55,689.75,692.75,20565549,692.75,691.148,689.789,690.016,679.5646666666668,660.4685833333334,,690.1799892149818,688.1460209755537,66.1249597503081,2.033968239428077,2.369176568343854,-0.335208328915777,690.016,694.7708896938278,685.2611103061721,8.164285714285711,51.18762780471138,53.59262046263978,20350443.4,21767644.6,0.23178827110834632,0.429261701766781,0.3962226962853199,1.9402617558103241,4.887653626724342,,0.004349401957230992,-0.0014702278853222506,0.0026568611052172008,0.002145603060748969
2024-09-17,2330,696.33,699.33,691.6,694.8,20537076,694.8,691.938,690.517,690.0615,679.99,661.1564166666667,,690.8907601049846,688.638908310698,70.21562970473491,2.2518517942866083,2.345711613532405,-0.09385981924579667,690.0615,694.9784554604929,685.1445445395071,8.092142857142855,59.847388969352096,54.75892194527635,20461147.2,21732007.25,0.4136208735464608,0.6202598922256719,0.6866779265326306,2.177973205488315,5.088596659615452,,0.005717594267930615,0.0013114470593320604,0.0027841174181343874,0.0022450860286921458
2024-09-18,2330,698.14,701.39,693.57,696.97,20457291,696.97,692.9,691.4359999999999,690.2165,680.4455,661.8549166666668,,691.8260277811407,689.2560262136093,73.81960183896155,2.570001567531449,2.3905696043322138,0.17943196319923516,690.2165,695.7595037886034,684.6734962113966,8.06785714285713,66.1473313158062,59.06078269662323,20503632.8,21682137.55,0.5873863472362517,0.8003633018818901,0.9784611060442705,2.428482516233843,5.305556013723534,,0.006949260286639003,0.004467695677864869,0.0028915362846595595,0.0023413241579418745
2024-09-19,2330,699.96,703.46,695.63,699.23,20339343,699.23,694.92,692.537,690.4925,680.9356666666667,662.5629166666666,,692.965100430196,689.9948390866753,76.94808232460167,2.9702613435207468,2.5065079521699207,0.46375339135082605,690.4925,697.1429071304299,683.84209286957,8.034999999999993,72.23489261719573,66.07653763411801,20486173.4,21620023.75,0.6202152765786062,0.9664465580900394,1.2654011448350433,2.686646364536638,5.534128519870141,,0.014656160666347562,0.007957215551166907,0.0002666152225533925,0.0024282363356446595
2024-09-20,2330,701.79,705.54,698.54,701.54,20197899,701.54,697.058,693.803,690.896,681.4639999999999,663.2790833333332,,694.2843157486274,690.850036191366,79.62776901372793,3.434279557261334,2.6920622731882036,0.7422172840731305,690.896,699.0331380718576,682.7588619281423,7.93999999999999,76.05634667533235,71.47952353611143,20419431.6,21548142.1,0.6429881014205385,1.1151580491868707,1.5406081378384062,2.946010354178652,5.768449153316446,,0.015473691828906233,0.011637129219721043,0.00020078000603143364,0.002501402123738408
2024-09-23,2330,703.62,707.87,700.42,703.87,20451434,703.87,699.2819999999999,695.2149999999999,691.659,682.0331666666666,664.00175,,695.7590364026846,691.8144779549685,81.91179506624945,3.9445584477160764,2.942561508093778,1.0019969396222983,691.659,701.4826508488688,681.8353491511311,7.96785714285714,79.2944874441972,75.86190891224176,20396608.6,21489501.7,0.6561015441552964,1.2449386161115683,1.7654653521460784,3.2017260157680694,6.004238693648012,,0.01605196679898957,0.022160584365606084,0.00013463425543760804,0.0018668341946757848
2024-09-24,2330,705.45,709.18,702.05,706.18,21092737,706.18,701.558,696.748,692.554,682.7203333333333,664.72925,,697.3622615715024,692.8785906990449,83.84552592406962,4.483670872457424,3.2507833809665074,1.2328874914909163,692.554,704.0947268402161,681.0132731597838,8.027857142857133,82.98271779353826,79.44451730435594,20507740.8,21466230.3,0.6588193706008605,1.3537175564192427,1.967500007219658,3.4362044780659184,6.235734323410624,,0.016378814047207868,0.0260068576742023,7.071195620819624e-05,0.0018877716460466724
2024-09-25,2330,707.27,711.69,703.67,708.44,21710409,708.44,703.852,698.376,693.578,683.45,665.4595833333334,,699.0665290220405,694.0312876843009,85.48091451194156,5.035241337739649,3.607674972321136,1.427566365418513,693.578,706.8160551441854,680.3399448558146,8.084285714285711,85.28070111738434,82.51930211837326,20758364.4,21479255.65,0.6518415803322464,1.4410575392052483,2.142801530613725,3.6564488989684785,6.458756886687955,,0.01645694936654385,0.0297691726263154,4.3602541073082924e-05,0.001886774968585155
2024-09-26,2330,709.07,714.11,706.07,710.61,22289793,710.61,706.1279999999999,700.524,694.7239999999999,684.2213333333333,666.1908333333334,,700.8424476340343,695.2593404484267,86.8567510856347,5.583107185607673,4.002761414978443,1.58034577062923,694.7239999999999,709.592656159872,679.8553438401278,8.077142857142851,86.51371153177966,84.92571014756743,21148454.4,21528058.45,0.634729114268251,1.4397793651609314,2.286663480749196,3.8567442114247674,6.667634023784452,,0.01627504540709057,0.033328970902586796,9.498045666240902e-05,0.0018664576621687263
2024-09-27,2330,710.85,716.41,707.65,712.66,22817757,712.66,708.352,702.705,695.9815000000001,685.0323333333332,666.921,,702.6605326134137,696.5482781929877,88.01243088569882,6.112254420425984,4.424660016067952,1.6875944043580322,695.9815000000001,712.3730640193519,679.5899359806483,8.06071428571428,85.73981284418464,85.84474183111622,21672426.0,21602199.5,0.6081722081676899,1.4166684455069856,2.3963999043077777,4.033045642127853,6.8582335838877295,,0.01585084243236312,0.036581286090384024,0.0001594447530638882,0.0018316159577237132
2024-09-30,2330,712.59,718.55,709.19,714.55,23283219,714.55,710.488,704.885,697.337,685.8795000000001,667.6480833333333,,704.4896814421193,697.8817390675812,88.97494718903994,6.607942374538084,4.861316487761978,1.7466258867761058,697.337,715.1049555380049,679.5690444619951,8.179285714285706,84.8348335415936,85.69611930585263,22238783.0,21667349.3,0.5717197194041068,1.371145647871641,2.468390462574055,4.1801074386973,7.024945901514745,,0.015173256425192072,0.039436168974746666,0.00022651183595088643,0.001786447396409086
2024-10-01,2330,709.72,714.72,706.12,711.72,23677590,711.72,711.596,706.577,698.547,686.6831666666668,668.3322499999999,,705.6020381433317,698.9067954329456,78.77548295328357,6.695242710386083,5.228101732286799,1.467140978099284,698.547,716.7663107443868,680.3276892556132,8.196428571428564,79.6910049323381,83.42188377270544,22755753.6,21720910.55,0.01742561790678554,0.7278753766397861,1.885771465627939,3.6460531652273254,6.491943191429139,,0.007845025347645196,0.03519897602978839,0.0027703284648030496,0.0021733181247751542
2024-10-02,2330,711.33,716.49,708.33,713.24,23995114,713.24,712.556,708.204,699.8199999999999,687.5138333333333,669.0096666666667,,706.7771091982037,699.9685142897645,80.09528107405148,6.808594908439204,5.544200367517281,1.2643945409219235,699.8199999999999,718.4063487538713,681.2336512461286,8.14357142857142,75.88371873263273,80.13651906885481,23212694.6,21760747.95,0.0959924553298297,0.7110945433801641,1.9176359635334927,3.7419125869709857,6.611314535066515,,0.0067754502851333775,0.03701765099305021,0.0026759888678139477,0.002152167098354992
2024-10-03,2330,712.86,718.06,709.66,714.56,24233099,714.56,713.346,709.737,701.137,688.366,669.6788333333333,,707.9744770138645,701.0493650831153,81.18921629451143,6.925111930749267,5.820382680163679,1.1047292505855886,701.137,719.9799276918568,682.2940723081431,8.078571428571422,73.88541481279158,76.4867128259208,23601355.8,21785273.25,0.170183893930842,0.6795474943535496,1.9144617956262433,3.805243141003478,6.701894166681388,,0.005558604579164239,0.03827264537502528,0.002562767733594734,0.0021350367007285805
2024-10-04,2330,714.26,719.4,710.86,715.65,24392025,715.65,713.9440000000001,711.1479999999999,702.4755,689.2330000000001,670.37625,,709.1553267040392,702.1308935954771,82.06572576377881,7.024433108562107,6.061192765843365,0.9632403427187421,702.4755,721.4483284396543,683.5026715603457,8.059999999999993,76.61390450168979,75.46101268237136,23916209.4,21793508.8,0.23895431574463277,0.6330609099653106,1.8754390722523384,3.832811255409996,6.753483584777942,,0.004195549069682558,0.03886017884101722,0.002428937847381047,0.002126344826578267
2024-10-07,2330,715.53,720.52,711.93,716.52,24475521,716.52,714.338,712.413,703.8140000000001,690.108,671.0629166666666,,710.2883533649563,703.1967533291455,82.7563722390942,7.091600035810757,6.267274219836843,0.8243258159739133,703.8140000000001,722.7840768580564,684.8439231419437,8.121428571428567,77.5465242452304,76.01528118657059,24154669.8,21785126.2,0.305457640500717,0.57649144527121,1.8053065156419024,3.8272270427237576,6.773892909941992,,0.002756979917430513,0.038811163465023446,0.002277965049974157,0.00212708876020444
2024-10-08,2330,716.65,720.17,713.65,717.17,19490226,717.17,715.428,713.512,705.13,690.984,671.7380833333333,,711.347068231886,704.2318086380976,83.2746076618986,7.115259593788437,6.436871294627163,0.6783882991612744,705.13,723.9714404969624,686.2885595030376,8.028571428571427,77.15463457998426,77.10502110896816,23317197.0,21760459.65,0.2434906098167655,0.512675329917367,1.7074865627614733,3.7896680675673977,6.763337942851488,,0.00765750576069224,0.038097995223275616,0.00043735365259541285,0.002137404485742041
2024-10-09,2330,717.59,720.87,714.39,717.62,19445520,717.62,716.3039999999999,714.4300000000001,706.403,691.8539999999999,672.4013333333334,,712.3121346577498,705.2235265167571,83.64115901509595,7.088608140992619,6.567218663900254,0.5213894770923648,706.403,725.0060536203223,687.7999463796777,7.932142857142854,77.01461276263133,77.238590529282,22407278.2,21720492.5,0.18372087828633088,0.4465098050193683,1.5879037886305625,3.724196145429537,6.724951963212433,,0.006140990409960079,0.036783402681461075,0.00043357001347452313,0.0021545494998414724
2024-10-10,2330,718.33,721.83,714.47,717.87,19353153,717.87,716.966,715.1560000000001,707.8399999999999,692.7111666666666,673.0525,,713.1671908642498,706.1603023303306,83.85288089431477,7.006888533919209,6.655152637904046,0.3517358960151631,707.8399999999999,725.2882331483905,690.3917668516093,7.957857142857141,76.52527869643012,76.89817534634857,21431289.0,21666818.15,0.12608687162292131,0.3794976200996558,1.4169868896926063,3.631937024257592,6.658841620824529,,0.004632221227048872,0.041704758173348955,0.0004162530723524365,0.0016669412481984003
2024-10-11,2330,718.88,722.63,714.35,717.95,19226773,717.95,717.426,715.685,709.195,693.6246666666666,673.6918333333334,,713.9030076543652,707.0336132688246,83.92457941828137,6.869394385540545,6.698000987431347,0.17139339810919818,709.195,725.3135340524693,693.0764659475308,8.017142857142849,74.80425679994592,76.11471608633578,20398238.6,21601576.4,0.07303889181602408,0.31648001564936745,1.2344982691643303,3.506987929110572,6.569497280037284,,0.003213861524488326,0.03922703915466452,0.0003917494756673758,0.0017151038840954927
2024-10-14,2330,719.22,723.22,714.88,717.88,19081386,717.88,717.698,716.018,710.4515,694.5125,674.3198333333333,,714.5148526306167,707.8370493229858,83.57488901714589,6.677803307630938,6.6939614514712655,-0.0161581438403271,710.4515,725.0969843211353,695.8060156788647,8.103571428571424,70.19455780202132,73.84136443279912,19319411.6,21527368.25,0.02535885567467311,0.26004932836882766,1.0456026906833227,3.3645902701535224,6.459867337927427,,0.001898062859375882,0.036275712739083366,0.00035784584349744894,0.0017585231664874717
2024-10-15,2330,719.37,722.37,714.5,717.7,19567245,717.7,717.8040000000001,716.616,711.5965,695.3696666666667,674.9373333333333,,715.0048753028295,708.5676382620238,82.62155074493133,6.437237040805712,6.642616569338156,-0.20537952853244335,711.5965,724.6640311746569,698.5289688253431,8.092857142857131,65.02752780215292,70.00878080137339,19334815.4,21478876.7,-0.01448863478052953,0.15126650814383247,0.8577192271181922,3.211289534727091,6.335798088909006,,0.0007390158539817282,0.03295912492803699,0.0003132527278281367,0.0017902096744861547
2024-10-16,2330,719.32,722.57,714.03,717.43,20203229,717.43,717.7660000000001,717.0350000000001,712.6195,696.1916666666667,675.5455000000001,,715.3779714100865,709.224109501874,81.12665558780157,6.153861908212548,6.544865637113034,-0.3910037289004862,712.6195,724.0472425155032,701.1917574844969,8.128571428571425,58.86145996839884,64.6945151908577,19486357.2,21466173.6,-0.04681191363203885,0.05508796641724434,0.6750446767173734,3.050644578241135,6.200100511364504,,-0.0002647640812687424,0.029355639410591383,0.0002583337779911052,0.0018061010018160944
2024-10-17,2330,719.1,722.6,713.51,717.11,20811178,717.11,717.6139999999999,717.29,713.5135,696.9748333333333,676.14575,,715.6444373469963,709.8082495387722,79.2954522520616,5.836187808224054,6.403130071335238,-0.5669422631111845,713.5135,723.289671592226,703.737328407774,8.152142857142858,52.776228699550764,58.88840549003417,19777962.2,21489765.35,-0.07023274350833608,-0.025094452731799777,0.5040549337889111,2.8889374054395622,6.058494045107876,,-0.0010586875060943912,0.02557098522660639,0.00020047943796299404,0.0018018916725884835
2024-10-18,2330,714.2,717.95,709.23,712.23,21376821,712.23,716.47,716.9480000000001,714.048,697.6411666666667,676.7018333333333,,715.1191392936122,709.9876384618261,57.85015566072984,5.13150083178607,6.1488042234254054,-1.0173033916393353,714.048,722.1774098187169,705.9185901812831,8.10642857142858,40.1601797307339,50.59928946622784,20207971.8,21548711.45,-0.5917903052465534,-0.6580672517393249,-0.25460473245495496,2.0911657783956317,5.250195125327228,,-0.007967128630127496,0.015237905180032651,0.002607688555222762,0.0024575925773679223
2024-10-21,2330,713.75,717.75,708.72,711.92,21887574,711.92,715.278,716.488,714.4505,698.265,677.2533333333334,,714.6269640176719,710.1307763535427,56.79927565512687,4.496187664129138,5.818280911566152,-1.3220932474370137,714.4505,721.2052478857952,707.6957521142049,8.137142857142862,29.798054967872655,40.911487799385775,20769209.4,21620518.45,-0.4694678153109755,-0.6375542926050581,-0.354188288761792,1.9555612840397307,5.118714808835656,,-0.00830222321279328,0.011436770994643908,0.00257215135071898,0.0023974376920750497
2024-10-22,2330,713.25,716.25,708.27,711.67,22333043,711.67,714.0719999999999,715.9379999999999,714.725,698.8463333333333,677.8022500000001,,714.1720464764916,710.2447929199469,55.9170976672909,3.927253556544656,5.440075440561854,-1.5128218840171979,714.725,720.4861821704105,708.9638178295895,8.124285714285723,22.08510964180282,30.681114780136458,21322369.0,21682533.75,-0.3363806450889961,-0.5961410066234629,-0.42743712616741814,1.8349765971441556,4.9967007338792335,,-0.008401839208583062,0.007774221869778275,0.002561417430381409,0.0023216423106127396
2024-10-23,2330,712.74,715.99,707.92,711.52,22705433,711.52,712.89,715.328,714.879,699.3863333333333,678.3885000000001,,713.7640393262622,710.3392527036546,55.36150406769888,3.4247866226075985,5.037017676971003,-1.6122310543634049,714.879,720.0992026781206,709.6587973218794,8.1007142857143,22.78028406611152,24.88781622526233,21822809.8,21732284.95,-0.19217551094838914,-0.5323432047955601,-0.46986972620541856,1.7349018830317586,4.88385342617097,,-0.008237737479614649,0.004347580599627143,0.002579087978406635,0.0022325054680084923
2024-10-24,2330,712.29,715.79,708.5,711.5,22999867,711.5,711.768,714.691,714.9235,699.8873333333335,678.9761666666667,,713.4157255837603,710.4252339848654,55.28263172478011,2.9904915988948915,4.627712461355782,-1.6372208624608904,714.9235,720.0108618900819,709.8361381099181,8.011428571428585,23.22352649718378,22.696306735032707,22260547.6,21767788.65,-0.03765271830147299,-0.4464866634671494,-0.47886242374184373,1.659219436271142,4.790128863138787,,-0.007823067590746247,0.0012524450823940825,0.0026231379242085107,0.0021351678419200904
2024-10-25,2330,711.94,715.69,708.43,711.63,23214573,711.63,711.6479999999999,714.059,714.872,700.3525000000001,679.56725,,713.140998570874,710.5144759119124,55.72418334393897,2.6265226589615622,4.227474500876938,-1.6009518419153759,714.872,720.0696325380558,709.6743674619441,7.9164285714285905,24.066861379732146,23.356890647675815,22628098.0,21787629.45,-0.0025293403480231014,-0.34016796931345405,-0.4535077608299076,1.610260547367215,4.718112887282322,,-0.0008424244977044415,-0.0014452894788538062,0.00022332471090006964,0.0020356250033676834
2024-10-28,2330,711.75,715.94,708.35,711.94,23350957,711.94,711.652,713.4649999999999,714.7415,700.7861666666668,680.1635833333332,,712.9562295599703,710.6200702888077,56.81914646650935,2.3361592711626145,3.8492114549340735,-1.513052183771459,714.7415,720.0936818915892,709.3893181084107,7.992857142857166,25.351789519925717,24.21405913228055,22920774.6,21791016.35,0.040469218100991355,-0.2137455936871313,-0.39195989039393364,1.5916172241794202,4.6718785664674245,,2.8093044162291747e-05,-0.00365264852004743,0.0002798280441415183,0.0019426126678583617
2024-10-29,2330,711.78,715.45,708.18,712.45,23413549,712.45,711.808,712.94,714.778,701.1935,680.7669166666667,,712.8783480892057,710.7556206377849,58.63171163527823,2.1227274514208148,3.503914654231422,-1.3811872028106071,714.778,720.0567142374499,709.4992857625501,8.049285714285743,27.838328792007633,25.7523265638885,23136875.8,21777814.3,0.09019286099622992,-0.06872948635229248,-0.3256955306402798,1.6053343335327597,4.654028061244153,,0.0010960136018098865,0.0010256842578542091,0.00032904918836293743,0.001745023125287052
2024-10-30,2330,712.05,716.42,709.05,713.17,23409821,713.17,712.138,712.5139999999999,714.7745,701.6563333333332,681.3787500000001,,712.9232176139433,710.9344635535044,61.11341149254869,1.9887540604388505,3.200882535472908,-1.2121284750340573,714.7745,720.0573798018369,709.4916201981631,8.050000000000027,36.86182596624314,30.01731475939216,23277753.4,21748549.65,0.1449157326248507,0.0920683663759636,-0.2244763908057723,1.6409267784941228,4.665723725607807,,0.0023189790870248306,-9.814368235105952e-05,0.0003700129430808097,0.0016943703458825946
2024-10-31,2330,712.62,717.61,709.42,714.11,23349887,714.11,712.6600000000001,712.214,714.752,702.1053333333333,682.0004166666666,,713.1057995194905,711.1696884754671,64.13819238268151,1.9361110440233915,2.947928237183005,-1.0118171931596134,714.752,720.042170507711,709.4618294922889,8.043571428571463,48.72392672916735,37.808027162472705,23347757.4,21704389.05,0.2034630819745642,0.266212121637599,-0.08982136461317403,1.709809924056982,4.708147172441857,,0.0036683063949403127,-0.0006297581728614832,0.00040271129855182696,0.0016690130589610186
2024-11-01,2330,713.49,719.02,710.09,715.27,23246105,715.27,713.388,712.5179999999999,714.733,702.5471666666667,682.6329166666667,,713.4387534395689,711.473415255062,67.49803204737185,1.9653381845068907,2.7514102266477822,-0.7860720421408915,714.733,720.012852649521,709.4531473504788,8.085714285714314,60.50989525900496,48.69854931813848,23354063.8,21647093.05,0.2638115583665446,0.3862358564976631,0.07513295174561563,1.810957888236664,4.781059122185605,,0.005115017635568986,-0.0005309858170893245,0.000421407998063193,0.0016737584381777792
2024-11-04,2330,714.7,720.65,711.1,716.65,23112578,716.65,714.3299999999999,712.991,714.7394999999999,702.9891666666666,683.277,,713.932791371943,711.8568659769093,70.98117988089801,2.075925395033778,2.6163132603249815,-0.5403878652912035,714.7394999999999,720.0284487613943,709.4505512386055,8.20571428571431,65.9216255042474,58.385149164139904,23306388.0,21578945.9,0.32477986364845,0.5131902085720563,0.26730018419298673,1.943249481084952,4.884256311861801,,0.006615726044329362,0.00018143247920510142,0.00042990227935899494,0.0017071066594631528
2024-11-05,2330,716.23,721.23,713.23,718.23,18035403,718.23,715.4860000000001,713.6469999999999,714.7925,703.4381666666667,683.9330833333333,,714.5939003916441,712.3289499786197,74.36810537124148,2.264950413024394,2.546040690864864,-0.28109027784047,714.7925,720.1977747386841,709.387225261316,8.167142857142876,70.60195743051887,65.6778260645904,22230758.8,21506204.75,0.383515540485746,0.6421942500984601,0.480908795209789,2.1027908399435136,5.014659694412105,,0.008112850024563079,0.0014780317079632344,0.00042428653158272436,0.001763668303920133
2024-11-06,2330,713.53,718.71,710.33,715.46,18681974,715.46,715.9440000000001,714.0409999999999,714.6845000000001,703.8253333333333,684.5633333333334,,714.7271464852372,712.560879609833,60.93946876076792,2.166266875404176,2.4700859277727267,-0.30381905236855067,714.6845000000001,719.9438249567464,709.4251750432537,8.116428571428587,67.12503222945584,67.88287172140737,21285189.4,21468027.45,-0.06760305275272938,0.19872808424168387,0.10850941919127166,1.653061649765375,4.5133394037074615,,0.0032110156063773765,-0.0030099495554749556,0.0022697913219068134,0.001953994337552895
2024-11-07,2330,715.67,720.9,712.27,717.4,19311323,717.4,716.602,714.6310000000001,714.661,704.2328333333334,685.2053333333333,,715.1383547182776,712.9193329720677,65.62154236736107,2.2190217462099326,2.4198730914601683,-0.20085134525023562,714.661,719.8671114087824,709.4548885912175,8.110000000000014,67.8160919540231,68.51436053799927,20477476.6,21465935.95,0.11135888540640959,0.3874726956988761,0.3832586359126866,1.869717804031179,4.698542918521742,,0.004607133354805226,-0.0006547146419269012,0.0024162736462797836,0.002049597740385411
2024-11-08,2330,718.06,723.24,714.46,719.49,19908328,719.49,717.446,715.417,714.7379999999999,704.6666666666666,685.8585833333334,,715.8078386077733,713.4060490482108,69.8188017532278,2.4017895595625305,2.416256385080641,-0.014466825518110404,714.7379999999999,720.1767704493437,709.2992295506562,8.092142857142871,67.17879440094039,67.37330619480645,19809921.2,21500013.7,0.28489949069336884,0.5693183136548319,0.664859011274066,2.1035950804162873,4.903549723503486,,0.005899869979168804,0.0021449961696495823,0.0025428271747776686,0.0021479185542213797
2024-11-11,2330,720.65,725.69,717.65,721.69,20459153,721.69,718.454,716.392,714.9285,705.132,686.5600833333333,,716.7127865142697,714.0196750446396,73.48808766641767,2.6931114696301393,2.4716274019905407,0.2214840676395986,714.9285,721.0216675670915,708.8353324329084,8.09642857142859,73.9041603504442,69.63301556846923,19279236.2,21568902.05,0.45041157819429856,0.7395392466694295,0.9457589115555054,2.3482128168910377,5.116801503534352,,0.007032721691202282,0.005307293698111115,0.0026472076956937044,0.0022407897040129404
2024-11-12,2330,723.38,726.97,720.18,723.97,20951807,723.97,719.602,717.544,715.242,705.6333333333333,687.2707499999999,,717.8292808966897,714.7567361524441,76.65564063032892,3.072544744245647,2.591810870441562,0.48073387380408494,715.242,722.4216284026862,708.0623715973137,8.00500000000002,77.98904098704905,73.02399857947789,19862517.0,21638130.15,0.6070022039960987,0.8955548370553013,1.2202862807273673,2.5986111767206888,5.339853325636246,,0.007991868899934529,0.008736240769123604,0.002731009348581971,0.0023231118590794275
2024-11-13,2330,726.19,729.54,722.79,726.29,21376614,726.29,721.768,718.856,715.6850000000001,706.1736666666668,687.9890833333334,,719.1309299895066,715.6110519930037,79.35816134078888,3.5198779965029416,2.777424295653838,0.7424537008491034,715.6850000000001,724.2998859540137,707.0701140459864,7.966428571428594,80.71933659979938,77.53751264576421,20401445.0,21696799.4,0.6265171079903764,1.0341431385423538,1.4817971593647838,2.8486382716998992,5.567082035822013,,0.015137114583624323,0.012349636898373317,0.00017934864107502563,0.0023904897651318906
2024-11-14,2330,729.02,732.52,725.02,728.62,21726608,728.62,724.0120000000001,720.307,716.2605000000001,706.7555,688.7134166666667,,720.5907869141979,716.5746777712997,81.6551265170479,4.0161091428982445,3.0251612651027195,0.990947877795525,716.2605000000001,726.5536131831273,705.9673868168729,7.983571428571444,82.87366229513451,80.52734662732765,20884502.0,21742570.9,0.6364535394440818,1.154091241651134,1.7255593460759,3.093644124453232,5.794367057124994,,0.01563981042654028,0.016050536179944563,0.00011171499406911357,0.0024413796303597254
2024-11-15,2330,731.79,735.54,727.92,730.92,21997800,730.92,726.298,721.8720000000001,717.195,707.3796666666666,689.4419999999999,,722.1798966197059,717.6372942326849,83.59566100486006,4.54260238702102,3.32864948948638,1.2139528975346403,717.195,729.1191863454355,705.2708136545646,7.985714285714299,82.46298096418339,82.01865995303909,21302396.4,21773619.85,0.6363779054878282,1.2534078063700882,1.9137054775897555,3.3278215988679305,6.016169598022758,,0.01588625276237332,0.026241523103491815,5.428080431352045e-05,0.0017602849720468835
2024-11-18,2330,734.45,738.45,729.96,733.16,22189346,733.16,728.592,723.5229999999999,718.2570000000001,708.1221666666667,690.1729166666667,,723.8691432935973,718.787124289523,85.23390019113744,5.0820190040742546,3.679323392403955,1.4026956116702998,718.2570000000001,731.7879262063127,704.7260737936874,8.07285714285715,81.76207372491862,82.3662389947455,21648435.0,21788708.45,0.6269626896809211,1.3319548929336067,2.0748840596053864,3.535807027647997,6.228451203351826,,0.015893250564646744,0.029834812900325858,5.175869785095862e-05,0.0017532771264949572
2024-11-19,2330,736.92,739.92,731.89,735.29,22303576,735.29,730.856,725.229,719.438,708.9056666666668,690.9040833333332,,725.6261981715054,720.0095595273361,86.60387915801525,5.616638644169257,4.0667864427570155,1.5498522014122411,719.438,734.4996673712004,704.3763326287996,8.120000000000005,82.03889283414595,82.08798250774932,21918788.8,21787235.1,0.6066858587738144,1.3872859469215904,2.203386532265461,3.721839812255201,6.424323974541091,,0.015636007016865294,0.03318954009583086,0.00011375587697617179,0.0017273698450291025
2024-11-20,2330,739.16,742.41,733.69,737.29,22345904,737.29,733.0559999999999,727.412,720.7265,709.7278333333335,691.6335,,727.4206292220431,721.2895921549409,87.7528722642294,6.13103706710217,4.479636567626047,1.6514004994761233,720.7265,737.2011086751913,704.2518913248086,8.157857142857138,82.04143794300732,81.9474681673573,22112646.8,21769258.65,0.5775820674000398,1.3579649497121205,2.2981671965717876,3.883483974021007,6.60125630120576,,0.01514546531000005,0.03621823701371718,0.00017820902108542927,0.0016884155312919889
2024-11-21,2330,741.13,744.63,736.14,739.14,22324608,739.14,735.1600000000001,729.586,722.1085,710.5853333333333,692.35925,,729.2236093417288,722.6118445879082,88.71690754776805,6.61176475382058,4.906062204864954,1.7057025489556263,722.1085,739.8443047745429,704.3726952254572,8.126428571428571,81.52938029603501,81.86990369106276,22232246.8,21735495.7,0.541378747483523,1.3095097767775066,2.358579077797862,4.01847115711178,6.756716256769879,,0.014438253136065393,0.03884750527055525,0.00023407923799786026,0.0016423439862130662
2024-11-22,2330,742.78,746.53,737.6,740.8,22250504,740.8,737.136,731.717,723.567,711.4735,693.0795,,731.0045925199244,723.9591153591742,89.51447923631981,7.045477160750124,5.333945196041988,1.7115319647081364,723.567,742.3809449345614,704.7530550654386,8.082142857142856,79.86247915419811,81.1444324644135,22282787.6,21687292.25,0.49705888736948367,1.2413269064406096,2.3816730171497547,4.121938484005372,6.885285165698862,,0.013517211185902767,0.04099040231581008,0.0002889732935761055,0.0015947951211679888
2024-11-25,2330,739.57,743.57,734.31,737.71,22136513,737.71,738.0459999999999,733.3190000000001,724.8555,712.3113333333332,693.7545833333334,,732.0361936707052,724.9776994066427,78.40440141596213,7.05849426406246,5.678855009646083,1.3796392544163778,724.8555,743.8368344894587,705.8741655105413,8.172142857142862,73.58445932197687,78.32543959073666,22272221.0,21626570.05,-0.045525617644415206,0.598784430786603,1.7733879373199146,3.565669318752973,6.335874057288504,,0.006206012330187249,0.03619687052279685,0.0027153905442786667,0.002068237599233933
2024-11-26,2330,740.58,743.58,735.36,738.96,21997146,738.96,738.78,734.818,726.1809999999999,713.1686666666667,694.421,,733.1013946444428,726.013425376521,79.51218680822052,7.087969267921835,5.9606778613012334,1.1272914066206017,726.1809999999999,745.2144273319526,707.1475726680472,8.160714285714294,68.63628355782409,74.02774067799969,22210935.0,21555749.9,0.024364492812489758,0.5636769921259388,1.759754110889733,3.6164423002319257,6.413832530986241,,0.004991227950876587,0.037209628745876966,0.0026081200781704226,0.002053986218805087
2024-11-27,2330,741.25,744.5,736.98,739.98,22152073,739.98,739.318,736.187,727.5215000000001,714.0386666666667,695.0773333333333,,734.1596416222209,727.0479864597417,80.39590155965519,7.111655162479224,6.190873321536832,0.920781840942392,727.5215000000001,746.4769438354984,708.5660561645017,8.081428571428578,64.15281670381732,68.79118652787275,22172168.8,21492862.5,0.08954198328730012,0.5152223551896373,1.7124579823414088,3.6330432152133607,6.460096526429693,,0.003648496521043265,0.03759271982837209,0.002483456688513959,0.0020481795294698393
2024-11-28,2330,741.64,745.14,737.59,740.79,22795230,740.79,739.6479999999999,737.404,728.8555,714.9148333333334,695.7606666666668,,735.1796967572639,728.0659133886497,81.0933321992781,7.113783368614122,6.37545533095229,0.738328037661832,728.8555,747.6019017614245,710.1090982385755,7.9935714285714345,64.99000601598104,65.92636875920748,22266293.2,21465129.65,0.15439776758674473,0.45917841508860135,1.637430190209166,3.6193355432313723,6.471957310991017,,0.002232324052277024,0.037361190852949644,0.0023413630809970437,0.0020516513181913446
2024-11-29,2330,741.76,745.51,737.98,741.38,23416650,741.38,739.764,738.45,730.1610000000001,715.7898333333334,696.4323333333333,,736.1335895638387,729.0521420265276,81.60662738778493,7.081447537311078,6.516653772224048,0.56479376508703,730.1610000000001,748.5748457688976,711.7471542311025,7.9571428571428555,64.99511864627367,64.71264712202401,22499522.4,21473656.9,0.21844804559292275,0.3967770329744713,1.5365104408479713,3.575095017415486,6.453989069050503,,0.0007829373650107829,0.03650369790428787,0.0021854630492613865,0.0020638563581269146
2024-12-02,2330,741.64,745.76,738.04,741.76,24001527,741.76,740.574,739.3100000000001,731.4165,716.6566666666666,697.0919166666667,657.9644166666666,736.9991911694019,729.9934648393775,81.94658735374274,7.0057263300244585,6.61446828378413,0.39125804624032856,731.4165,749.3932219203267,713.4397780796734,8.023571428571424,64.34398478028183,64.77636981417885,22872525.2,21518104.35,0.1601460488755979,0.3313900799393865,1.4141737300156443,3.5028395745057006,6.407775253932901,12.73557979895823,0.005489962180260433,0.03503802414009627,0.00041691653276219035,0.0020823097523148715
2024-12-03,2330,741.35,744.96,738.35,741.96,19536509,741.96,741.174,739.9770000000001,732.603,717.5084999999999,697.7395,658.648,737.7623925279554,730.8798748512754,82.13375499869625,6.882517676679981,6.668078162363301,0.2144395143166804,732.603,750.0668977322005,715.1391022677994,8.013571428571424,63.425054329000176,64.2547192518519,22380397.8,21593159.65,0.10604797254087917,0.267981302121556,1.2772265469838562,3.407834192905046,6.33768046670713,12.648941467976837,0.004059759662228046,0.03303955557411964,0.0003967184811979235,0.0021026556691518604
2024-12-04,2330,740.93,745.24,737.73,741.99,20010235,741.99,741.576,740.447,733.9295,718.3389999999999,698.3753333333334,659.322,738.4127936775006,731.7028470845142,82.16362628831303,6.709946592986398,6.676451848487921,0.033494744498477225,733.9295,749.9543550383697,717.9046449616302,8.014285714285709,62.766849707593686,63.51196293895856,21952030.2,21659572.7,0.05582704941906602,0.2083876361171022,1.0982662503687513,3.2924566256322008,6.245161388861575,12.53833483487583,0.0027162896294494754,0.037081038772258434,0.00037329770369885296,0.0017334349156175799
2024-12-05,2330,740.44,745.39,737.04,741.89,20413786,741.89,741.796,740.722,735.154,719.2183333333335,699.0000833333335,659.9860416666667,738.9477484963467,732.4574510041798,81.67343573070896,6.49029749216686,6.639220977223709,-0.14892348505684883,735.154,749.6048621196373,720.7031378803626,8.066428571428569,63.88365173183567,63.35851858947651,21475741.4,21714695.85,0.01267194754352996,0.157683989404922,0.9162706045263924,3.152264843081931,6.135895787327605,12.40995311453872,0.0014849012540665285,0.03413716197379424,0.0003313353547246319,0.0017711297076469176
2024-12-06,2330,739.93,745.42,736.33,741.67,20741041,741.67,741.854,740.809,736.263,720.0653333333333,699.6146666666666,660.6399166666666,739.3665564199857,733.1398620409072,80.53508050881456,6.226694379078481,6.556715657594664,-0.3300212785161829,736.263,749.0429594678848,723.4830405321153,8.109285714285704,63.24058026429578,63.29702723457505,20940619.6,21756331.5,-0.02480272398612815,0.11622428993167677,0.7343843164738573,3.0003758918172085,6.0112137919731135,12.265393187589968,0.00039116242682557534,0.03082739162462289,0.0002872369443669816,0.0017974593664769477
2024-12-09,2330,739.46,745.39,736.46,741.39,20988919,741.39,741.78,741.1769999999999,737.248,720.876,700.2203333333333,661.2838333333333,739.6778554322957,733.7509833712105,79.02540454530006,5.9268720610851915,6.43074693829277,-0.5038748772075783,737.248,748.3037326306663,726.1922673693338,8.173571428571417,60.17749562362919,62.43390920658688,20338098.0,21782819.8,-0.0525762355415349,0.028738074710910055,0.5618190893701858,2.845704392988524,5.879530300224545,12.113734319327829,-0.0004988136324417525,0.02729703889481616,0.00023375406889918608,0.0018065030660986627
2024-12-10,2330,739.06,744.06,735.86,741.06,21157505,741.06,741.5999999999999,741.387,738.1025,721.647,700.8185,661.9181666666667,739.8904930580964,734.2923920103801,77.18889141045808,5.598101047716227,6.264217760177462,-0.6661167124612346,738.1025,747.4273997314065,728.7776002685935,8.136428571428562,55.618955344564675,59.67901041082988,20662297.2,21793104.7,-0.07281553398057472,-0.044106519267261834,0.40068960611838733,2.690096404474751,5.742071592002773,11.956437716746947,-0.0012130033964096176,0.02360595052281167,0.0001754192089467789,0.0017966914145300446
2024-12-11,2330,738.79,743.98,735.39,740.73,21250045,740.73,741.348,741.462,738.8245,722.3763333333334,701.4109166666666,662.5435833333333,740.0196479722354,734.7692518614631,75.30423834729079,5.250396110772272,6.061453430296424,-0.8110573195241519,738.8245,746.4627156948326,731.1862843051673,8.14357142857142,52.559495116589716,56.118648694927856,20910259.2,21786776.25,-0.08336166011103652,-0.09872387256527615,0.2579096930326541,2.5407347693653604,5.605713056219663,11.800946931415712,-0.001698136093478353,0.01988186537058212,0.0001162351183824834,0.0017657511681682314
2024-12-12,2330,734.12,739.39,730.52,735.89,21272816,735.89,740.1479999999999,740.972,739.1879999999999,722.9873333333333,701.9614999999999,663.1420416666666,739.3843175149683,734.8522702420955,54.34580755827374,4.532047272872774,5.755572198811694,-1.2235249259389205,739.1879999999999,745.4097123045659,732.9662876954338,8.234999999999998,46.41872307894818,51.53239118003419,21082065.2,21764086.65,-0.5752903473359328,-0.6858558757955713,-0.44616525160039444,1.7846324647458278,4.833384736912216,10.970192471962248,-0.008087452317729005,0.009977766188136394,0.002457799095443102,0.002337024637096862
2024-12-13,2330,734.19,739.42,731.19,735.67,21234877,735.67,738.948,740.4010000000001,739.4254999999999,723.5561666666667,702.5100833333333,663.7336666666666,738.812884051127,734.9128428167552,53.61535746157533,3.90004123437177,5.38446600592371,-1.4844247715519403,739.4254999999999,744.6492322864776,734.2017677135223,8.161428571428555,40.431558366951414,46.46992552082977,21180832.4,21725940.5,-0.4436036094556117,-0.6389780672905743,-0.5078943044295903,1.6742077383073317,4.720205083651807,10.838132363332488,-0.00808985128156725,0.006498659223991732,0.002457538942859926,0.002260665183880285
2024-12-16,2330,734.45,739.55,731.25,735.55,21147707,735.55,737.78,739.78,739.545,724.0841666666668,703.0586666666666,664.3197916666667,738.3109018894152,734.9600396451436,53.1953649513292,3.350862244271525,4.977745253593273,-1.6268830093217481,739.545,744.2760527370543,734.8139472629456,8.167142857142835,34.519456041149134,40.45657916234958,21212590.0,21673858.55,-0.3022581257285384,-0.571791613723005,-0.5401970130282763,1.583494552313769,4.621425618345754,10.72227701580719,-0.007877095725596583,0.0032598614217906885,0.00248061073089718,0.0021729421428006166
2024-12-17,2330,734.92,738.57,731.52,735.57,21024749,735.57,736.682,739.141,739.559,724.5740000000001,703.6471666666667,664.9019166666666,737.8892246756591,735.0052218936515,53.26107994134551,2.884002782007542,4.558996759276127,-1.674993977268585,739.559,744.2410076890998,734.8769923109002,8.133571428571413,34.07158836689047,36.340867591663674,21186038.8,21609917.2,-0.1509470843593208,-0.48312838822361925,-0.5393754926922512,1.5175813650503578,4.536767125000862,10.628347063219756,-0.007408307019674432,0.00038080213249203076,0.0025304183951405687,0.002080025600921081
2024-12-18,2330,735.59,739.0,731.99,735.75,20880871,735.75,735.686,738.517,739.482,725.0291666666667,704.2395833333334,665.4815833333333,737.5601131870961,735.0603906422699,53.88857643856904,2.499722544826227,4.147141916386147,-1.64741937155992,739.482,744.3573978300021,734.6066021699978,8.094999999999986,34.25055928411651,34.28053456405204,21112204.0,21536665.55,0.008699363587183484,-0.37466977740526763,-0.504677598643366,1.478676145212554,4.474388746727409,10.559032500148069,-0.0067230974849135094,-0.0020887303503369647,0.0026010703921424327,0.0019873367770379866
2024-12-19,2330,736.45,739.95,733.12,736.12,21268224,736.12,735.732,737.9399999999999,739.3309999999999,725.4543333333332,704.8378333333333,666.0605416666666,737.3385573121582,735.138880224324,55.21944750151385,2.199677087834175,3.757648950675753,-1.557971862841578,739.3309999999999,744.4217284351837,734.2402715648161,8.044999999999991,35.5510020475744,34.62438323286046,21111285.6,21483846.35,0.05273659430335975,-0.2466325175488393,-0.4343115600454861,1.4702051082471135,4.438207653911896,10.518482022373732,0.00031254671214453467,-0.004085829477500802,0.0002863364770447446,0.0019017652295090968
2024-12-20,2330,737.5,741.25,733.49,736.69,21906626,736.69,735.936,737.4419999999999,739.1255,725.8548333333333,705.4435833333333,666.659375,737.2387792641339,735.2537779854852,57.265711866109505,1.985001278648724,3.4031194162703473,-1.4181181376216232,739.1255,744.2936697921787,733.9573302078213,8.047857142857131,39.44302468990688,36.41486200719927,21245635.4,21466652.45,0.10245456126620756,-0.10197412135460882,-0.329511023500062,1.492745679863905,4.429328922239595,10.504708645250815,0.001386491225685571,-0.005548056155507464,0.0003333205201926988,0.0018328203572703478
2024-12-23,2330,738.71,742.71,734.07,737.47,22518851,737.47,736.3199999999999,737.05,739.1135,726.2368333333333,706.0581666666666,667.2607916666667,737.2743516850363,735.417942579153,59.96189994707441,1.8564091058833583,3.09377735419295,-1.2373682483095916,739.1135,744.2958557385409,733.9311442614592,8.19285714285713,44.9542918133084,39.982772850263224,21519864.2,21485769.35,0.15618209474141942,0.056983922393327724,-0.22236097703532964,1.5467635557822046,4.448901636763192,10.522004171407495,0.002610291618516891,-0.00032533109216359435,0.0003671254831575346,0.0016191209800507803
2024-12-24,2330,740.07,743.07,734.88,738.48,23090458,738.48,736.9019999999999,736.792,739.0895,726.6828333333332,706.6829999999999,667.866375,737.4598360411845,735.6447616473638,63.19960748212104,1.815074393820737,2.8380367621185076,-1.0229623682977707,739.0895,744.2789179828559,733.9000820171442,8.241428571428562,53.543150902841255,45.98015580201885,21933006.0,21540434.95,0.21413973635573402,0.22910129317363914,-0.0824663318853891,1.6234271852209048,4.499471474480088,10.573016945193569,0.003956115665402216,-0.0006495615459565229,0.00039702517015688605,0.001603443452103445
2024-12-25,2330,741.55,744.8,736.71,739.71,23608624,739.71,737.6940000000001,736.69,739.0759999999999,727.124,707.3189166666667,668.4776249999999,737.8060151117716,735.9458904142257,66.7282540979162,1.8601246975458707,2.6424543492039803,-0.7823296516581095,739.0759999999999,744.2574800974999,733.8945199025,8.222857142857126,59.22059866242071,52.57268045952346,22478556.6,21613262.5,0.2732840446038498,0.4099417665503813,0.08578278823829777,1.7309289749753765,4.579417087553739,10.65591013610967,0.005382262996942,-0.00036487472634394447,0.0004131635871994056,0.0016171462224018607
2024-12-26,2330,743.13,746.63,737.95,741.15,24062660,741.15,738.7,737.216,739.094,727.5671666666666,707.9665833333332,669.0958333333333,738.3204743253451,736.331380013172,70.31672622981434,1.9890943121731652,2.5117823417978173,-0.5226880296246521,739.094,744.301607512168,733.8863924878322,8.193571428571415,63.465544756451884,58.74309810723795,23037443.8,21676634.0,0.3316637335860184,0.533629221286569,0.27817841844202107,1.8668837676613093,4.68714448504457,10.768885872103517,0.006833125033961718,0.0004859676831490134,0.0004174664893898019,0.0016566120360480279
2024-12-27,2330,744.79,748.54,739.4,742.8,24444431,742.8,739.9219999999999,737.929,739.165,728.0196666666667,708.6263333333334,669.7221666666667,739.009632121446,736.8105370492333,73.80321392167039,2.1990950722126854,2.4492448878807913,-0.2501498156681059,739.165,744.5316320910594,733.7983679089406,8.208571428571418,64.41510335714507,62.36708225867255,23545004.8,21728023.05,0.388959917396714,0.6600906049226918,0.4917711201152697,2.030210722329384,4.822522824676279,10.911664115442887,0.008293854945770729,0.0019153470554911234,0.0004119446525315748,0.0017180453120779755
2024-12-30,2330,746.5,750.5,741.02,744.62,24748683,744.62,741.3520000000001,738.836,739.308,728.488,709.298,670.3574583333334,739.8727656412235,737.3890157863271,77.0107611413843,2.4837498548963595,2.456145881283905,0.027603973612454258,739.308,745.080654848576,733.5353451514239,8.299999999999995,66.29255625807308,64.72440145722334,23990971.2,21765380.85,0.4408162384400338,0.7828530282769197,0.7185097415420838,2.2144496546271153,4.979853319761229,11.078051082075046,0.0096953096397141,0.003855694564279588,0.0003853987103625855,0.0017917876401521344
